,Pokemon,#,GL,XG,RL,UL,PL,ML,CL,GLx,XGx,RLx,ULx,PLx,MLx,CLx,SumRank,Best,BestNo
24,Machamp (Shadow),68.0,91.4,92.0,85.8,86.0,90.9,82.1,77.2,14.0,8.0,36.0,56.0,13.0,35.0,44.0,206.0,"['GL', 'XG', 'RL', 'UL', 'PL', 'ML', 'CL']",7
80,Snorlax,143.0,86.1,87.1,86.2,88.2,87.2,91.3,89.3,64.0,47.0,31.0,36.0,48.0,9.0,7.0,242.0,"['GL', 'XG', 'RL', 'UL', 'PL', 'ML', 'CL']",7
100,Snorlax (Shadow),143.0,84.7,85.6,87.1,86.0,89.9,96.2,91.0,84.0,70.0,24.0,58.0,23.0,3.0,3.0,265.0,"['GL', 'XG', 'RL', 'UL', 'PL', 'ML', 'CL']",7
52,Machamp,68.0,88.1,90.6,82.9,87.0,90.0,79.9,72.9,41.0,16.0,71.0,48.0,20.0,46.0,65.0,307.0,"['GL', 'XG', 'RL', 'UL', 'PL', 'ML', 'CL']",7
21,Swampert,260.0,92.0,,85.7,93.1,93.7,87.9,84.9,11.0,,40.0,8.0,3.0,14.0,21.0,97.0,"['GL', 'RL', 'UL', 'PL', 'ML', 'CL']",6
20,Swampert (Shadow),260.0,92.3,,86.0,90.6,93.7,86.0,84.4,10.0,,35.0,16.0,4.0,22.0,22.0,109.0,"['GL', 'RL', 'UL', 'PL', 'ML', 'CL']",6
40,Regirock,377.0,89.2,90.5,92.0,89.9,,77.1,82.7,30.0,18.0,4.0,22.0,,60.0,30.0,164.0,"['GL', 'XG', 'RL', 'UL', 'ML', 'CL']",6
98,Magnezone (Shadow),462.0,84.8,87.0,,87.5,89.7,82.2,78.8,82.0,51.0,,43.0,25.0,34.0,41.0,276.0,"['GL', 'XG', 'UL', 'PL', 'ML', 'CL']",6
64,Zapdos (Shadow),145.0,87.0,87.4,85.4,88.2,,76.6,80.0,51.0,43.0,46.0,37.0,,66.0,38.0,281.0,"['GL', 'XG', 'RL', 'UL', 'ML', 'CL']",6
48,Mew,151.0,88.6,88.5,86.3,84.1,,75.7,81.9,37.0,33.0,28.0,79.0,,72.0,32.0,281.0,"['GL', 'XG', 'RL', 'UL', 'ML', 'CL']",6
33,Abomasnow (Shadow),460.0,90.0,87.7,90.7,94.6,94.9,72.3,65.3,21.0,40.0,10.0,3.0,1.0,97.0,120.0,292.0,"['GL', 'XG', 'RL', 'UL', 'PL', 'ML']",6
96,Dragonite (Shadow),149.0,84.8,87.0,87.7,81.6,89.1,96.5,89.6,80.0,49.0,19.0,111.0,29.0,2.0,6.0,296.0,"['GL', 'XG', 'RL', 'PL', 'ML', 'CL']",6
50,Abomasnow,460.0,88.2,87.8,91.5,94.8,92.5,73.7,64.5,39.0,39.0,6.0,2.0,5.0,86.0,123.0,300.0,"['GL', 'XG', 'RL', 'UL', 'PL', 'ML']",6
86,Escavalier,589.0,85.6,88.8,,86.4,90.4,76.6,71.4,70.0,29.0,,54.0,17.0,64.0,73.0,307.0,"['GL', 'XG', 'UL', 'PL', 'ML', 'CL']",6
105,Regice,378.0,84.6,84.5,86.1,90.2,,76.6,82.2,89.0,85.0,34.0,19.0,,65.0,31.0,323.0,"['GL', 'XG', 'RL', 'UL', 'ML', 'CL']",6
68,Zapdos,145.0,86.6,85.7,84.1,83.4,,77.3,83.8,55.0,67.0,59.0,93.0,,57.0,25.0,356.0,"['GL', 'XG', 'RL', 'UL', 'ML', 'CL']",6
71,Lapras,131.0,86.5,83.4,87.7,89.6,87.8,75.7,71.2,58.0,110.0,20.0,25.0,41.0,73.0,75.0,402.0,"['GL', 'RL', 'UL', 'PL', 'ML', 'CL']",6
164,Gyarados (Shadow),130.0,81.7,84.3,84.2,86.9,88.0,91.5,85.2,148.0,93.0,58.0,50.0,39.0,7.0,20.0,415.0,"['XG', 'RL', 'UL', 'PL', 'ML', 'CL']",6
89,Raikou (Shadow),243.0,85.3,85.3,83.3,83.6,,74.6,81.4,73.0,77.0,64.0,89.0,,83.0,35.0,421.0,"['GL', 'XG', 'RL', 'UL', 'ML', 'CL']",6
92,Lapras (Shadow),131.0,85.1,83.3,85.7,88.3,89.0,77.6,70.2,76.0,114.0,38.0,34.0,30.0,54.0,81.0,427.0,"['GL', 'RL', 'UL', 'PL', 'ML', 'CL']",6
91,Sirfetch'd,865.0,85.2,86.7,79.2,85.8,91.4,77.6,71.9,75.0,55.0,117.0,60.0,11.0,55.0,71.0,444.0,"['GL', 'XG', 'UL', 'PL', 'ML', 'CL']",6
65,Hariyama,297.0,87.0,86.7,77.3,84.6,87.1,75.4,71.2,52.0,54.0,151.0,71.0,50.0,76.0,74.0,528.0,"['GL', 'XG', 'UL', 'PL', 'ML', 'CL']",6
43,Chesnaught,652.0,88.9,86.5,78.1,83.9,84.2,76.5,68.6,33.0,59.0,132.0,83.0,89.0,67.0,96.0,559.0,"['GL', 'XG', 'UL', 'PL', 'ML', 'CL']",6
106,Heracross,214.0,84.5,85.6,75.5,84.5,86.9,77.9,75.2,90.0,69.0,189.0,75.0,51.0,52.0,54.0,580.0,"['GL', 'XG', 'UL', 'PL', 'ML', 'CL']",6
153,Electivire (Shadow),466.0,82.3,83.9,81.3,84.2,87.3,76.6,70.4,137.0,97.0,85.0,77.0,43.0,63.0,79.0,581.0,"['XG', 'RL', 'UL', 'PL', 'ML', 'CL']",6
22,Cresselia,488.0,91.5,93.1,94.5,97.2,,67.7,68.8,12.0,5.0,3.0,1.0,,142.0,91.0,254.0,"['GL', 'XG', 'RL', 'UL', 'CL']",5
90,Goodra,706.0,85.2,,86.8,81.1,91.6,86.9,78.1,74.0,,26.0,121.0,8.0,18.0,43.0,290.0,"['GL', 'RL', 'PL', 'ML', 'CL']",5
81,Obstagoon,862.0,86.0,83.5,,87.3,87.2,81.4,76.5,65.0,108.0,,46.0,47.0,39.0,47.0,352.0,"['GL', 'UL', 'PL', 'ML', 'CL']",5
142,Togekiss,468.0,82.8,85.8,,85.4,84.7,93.0,83.9,126.0,65.0,,68.0,84.0,4.0,24.0,371.0,"['XG', 'UL', 'PL', 'ML', 'CL']",5
11,Altaria,334.0,93.5,93.1,91.1,82.7,90.7,54.7,,4.0,4.0,9.0,96.0,15.0,253.0,,381.0,"['GL', 'XG', 'RL', 'UL', 'PL']",5
54,Whiscash,340.0,88.1,90.4,88.0,84.1,86.0,62.0,,43.0,19.0,17.0,80.0,64.0,195.0,,418.0,"['GL', 'XG', 'RL', 'UL', 'PL']",5
38,Hitmontop,237.0,89.4,89.9,80.6,85.7,88.7,58.7,,26.0,23.0,95.0,64.0,33.0,217.0,,458.0,"['GL', 'XG', 'RL', 'UL', 'PL']",5
133,Muk (Alolan),89.0,83.0,84.7,,87.5,85.5,72.9,69.1,117.0,82.0,,44.0,69.0,92.0,87.0,491.0,"['XG', 'UL', 'PL', 'ML', 'CL']",5
49,Drifblim,426.0,88.4,87.7,90.1,88.6,91.5,63.4,56.5,38.0,41.0,12.0,30.0,9.0,181.0,182.0,493.0,"['GL', 'XG', 'RL', 'UL', 'PL']",5
160,Gengar,94.0,81.8,83.6,86.1,87.6,86.6,77.2,72.9,144.0,106.0,33.0,40.0,55.0,58.0,64.0,500.0,"['RL', 'UL', 'PL', 'ML', 'CL']",5
47,Meganium,154.0,88.6,87.2,82.5,90.5,89.8,67.2,60.9,36.0,45.0,76.0,17.0,24.0,155.0,151.0,504.0,"['GL', 'XG', 'RL', 'UL', 'PL']",5
207,Gyarados,130.0,79.6,80.0,85.5,87.6,86.7,91.8,81.6,188.0,182.0,44.0,41.0,53.0,6.0,33.0,547.0,"['RL', 'UL', 'PL', 'ML', 'CL']",5
41,Politoed,186.0,89.1,89.2,84.6,91.8,89.9,60.5,52.1,31.0,25.0,53.0,12.0,22.0,205.0,212.0,560.0,"['GL', 'XG', 'RL', 'UL', 'PL']",5
16,Jellicent,593.0,92.9,90.9,88.6,84.0,91.7,58.3,51.9,6.0,13.0,16.0,81.0,7.0,225.0,215.0,563.0,"['GL', 'XG', 'RL', 'UL', 'PL']",5
30,Politoed (Shadow),186.0,90.3,90.7,84.6,89.7,84.9,61.1,54.4,19.0,15.0,54.0,24.0,78.0,200.0,199.0,589.0,"['GL', 'XG', 'RL', 'UL', 'PL']",5
60,Pelipper,279.0,87.3,87.1,86.3,83.9,87.5,39.9,,48.0,46.0,29.0,84.0,42.0,353.0,,602.0,"['GL', 'XG', 'RL', 'UL', 'PL']",5
120,Gliscor,472.0,83.6,84.3,81.2,83.6,86.3,74.6,66.4,105.0,92.0,88.0,90.0,58.0,82.0,110.0,625.0,"['XG', 'RL', 'UL', 'PL', 'ML']",5
69,Flygon (Shadow),330.0,86.5,85.4,81.5,82.4,87.2,67.6,57.1,56.0,72.0,83.0,99.0,45.0,143.0,181.0,679.0,"['GL', 'XG', 'RL', 'UL', 'PL']",5
102,Blastoise,9.0,84.6,83.9,82.7,87.1,86.0,67.5,57.5,86.0,99.0,73.0,47.0,63.0,144.0,175.0,687.0,"['GL', 'XG', 'RL', 'UL', 'PL']",5
159,Tangrowth,465.0,82.0,80.8,80.5,83.5,86.1,74.5,69.3,143.0,165.0,97.0,91.0,62.0,84.0,85.0,727.0,"['RL', 'UL', 'PL', 'ML', 'CL']",5
34,Registeel,379.0,90.0,93.8,,93.7,,65.7,72.3,22.0,3.0,,7.0,,163.0,68.0,263.0,"['GL', 'XG', 'UL', 'CL']",4
39,Ninetales (Alolan),38.0,89.3,90.5,,91.4,90.7,70.1,64.9,28.0,17.0,,14.0,14.0,111.0,121.0,305.0,"['GL', 'XG', 'UL', 'PL']",4
148,Lugia,249.0,82.5,83.2,85.6,88.8,,86.2,87.2,132.0,117.0,43.0,28.0,,21.0,13.0,354.0,"['RL', 'UL', 'ML', 'CL']",4
121,Magnezone,462.0,83.6,86.5,,82.1,88.6,78.1,73.7,106.0,60.0,,104.0,34.0,50.0,59.0,413.0,"['XG', 'PL', 'ML', 'CL']",4
27,Mandibuzz,630.0,91.1,90.1,,92.7,92.3,63.3,55.3,16.0,21.0,,9.0,6.0,183.0,192.0,427.0,"['GL', 'XG', 'UL', 'PL']",4
129,Articuno,144.0,83.3,82.6,84.0,91.5,,75.7,76.1,113.0,129.0,60.0,13.0,,75.0,49.0,439.0,"['RL', 'UL', 'ML', 'CL']",4
23,Scrafty,560.0,91.5,91.3,,87.8,90.1,63.9,56.2,13.0,11.0,,38.0,18.0,176.0,185.0,441.0,"['GL', 'XG', 'UL', 'PL']",4
53,Venusaur,3.0,88.1,,82.6,87.4,89.7,67.8,65.8,42.0,,75.0,45.0,26.0,140.0,115.0,443.0,"['GL', 'RL', 'UL', 'PL']",4
67,Lucario,448.0,86.7,88.1,,85.0,88.9,71.7,60.5,54.0,37.0,,70.0,31.0,101.0,153.0,446.0,"['GL', 'XG', 'UL', 'PL']",4
85,Venusaur (Shadow),3.0,85.7,,81.4,88.7,89.7,67.9,65.4,69.0,,84.0,29.0,27.0,139.0,116.0,464.0,"['GL', 'RL', 'UL', 'PL']",4
99,Clefable,36.0,84.8,86.7,,89.9,87.1,70.0,61.0,83.0,53.0,,21.0,49.0,113.0,149.0,468.0,"['GL', 'XG', 'UL', 'PL']",4
56,Primeape,57.0,87.7,88.9,78.7,86.0,88.8,62.8,,45.0,28.0,122.0,57.0,32.0,189.0,,473.0,"['GL', 'XG', 'UL', 'PL']",4
147,Dragonite,149.0,82.5,83.6,82.1,81.5,88.2,98.0,87.3,131.0,105.0,79.0,112.0,36.0,1.0,12.0,476.0,"['RL', 'PL', 'ML', 'CL']",4
73,Talonflame,663.0,86.4,,85.3,94.1,90.1,39.9,,60.0,,47.0,6.0,19.0,354.0,,486.0,"['GL', 'RL', 'UL', 'PL']",4
117,Raikou,243.0,83.8,83.3,82.9,83.8,,73.9,80.0,102.0,115.0,70.0,86.0,,85.0,37.0,495.0,"['RL', 'UL', 'ML', 'CL']",4
103,Empoleon,395.0,84.6,84.5,,82.0,85.1,73.2,65.3,87.0,86.0,,106.0,75.0,88.0,119.0,561.0,"['GL', 'XG', 'PL', 'ML']",4
192,Sandslash (Alolan),28.0,80.4,83.9,,86.6,85.6,72.6,67.5,173.0,96.0,,51.0,67.0,96.0,104.0,587.0,"['XG', 'UL', 'PL', 'ML']",4
66,Mantine,226.0,86.9,86.3,87.6,78.5,87.2,51.7,,53.0,62.0,21.0,152.0,46.0,286.0,,620.0,"['GL', 'XG', 'RL', 'PL']",4
110,Gardevoir (Shadow),282.0,84.2,89.0,,80.3,69.3,83.7,78.9,94.0,27.0,,134.0,301.0,29.0,40.0,625.0,"['GL', 'XG', 'ML', 'CL']",4
104,Poliwrath (Shadow),62.0,84.6,85.2,79.3,85.4,85.0,69.9,60.0,88.0,79.0,113.0,66.0,76.0,115.0,156.0,693.0,"['GL', 'XG', 'UL', 'PL']",4
93,Serperior,497.0,85.1,83.5,81.0,85.4,86.3,58.4,51.5,77.0,109.0,91.0,67.0,59.0,223.0,217.0,843.0,"['GL', 'RL', 'UL', 'PL']",4
94,Cradily,346.0,85.0,83.6,84.6,85.7,88.1,53.3,42.4,78.0,107.0,56.0,62.0,38.0,267.0,281.0,889.0,"['GL', 'RL', 'UL', 'PL']",4
127,Ninetales (Shadow),38.0,83.4,85.7,81.3,83.2,85.3,55.7,47.8,111.0,68.0,87.0,95.0,73.0,244.0,249.0,927.0,"['XG', 'RL', 'UL', 'PL']",4
0,Medicham,308.0,96.1,95.8,89.1,,,,,1.0,1.0,14.0,,,,,16.0,"['GL', 'XG', 'RL']",3
1,Medicham,308.0,96.1,91.1,89.1,,,,,1.0,12.0,14.0,,,,,27.0,"['GL', 'XG', 'RL']",3
25,Lickitung,108.0,91.2,90.7,96.4,,,,,15.0,14.0,1.0,,,,,30.0,"['GL', 'XG', 'RL']",3
4,Medicham,308.0,90.6,95.8,89.1,,,,,18.0,1.0,14.0,,,,,33.0,"['GL', 'XG', 'RL']",3
5,Medicham,308.0,90.6,91.1,89.1,,,,,18.0,12.0,14.0,,,,,44.0,"['GL', 'XG', 'RL']",3
707,Giratina (Altered),487.0,,,,94.5,,84.3,85.7,,,,4.0,,25.0,19.0,48.0,"['UL', 'ML', 'CL']",3
708,Giratina (Origin),487.0,,,,89.0,,86.5,90.8,,,,26.0,,19.0,4.0,49.0,"['UL', 'ML', 'CL']",3
31,Wobbuffet,202.0,90.2,92.5,86.1,,,,,20.0,6.0,32.0,,,,,58.0,"['GL', 'XG', 'RL']",3
2,Medicham,308.0,96.1,95.8,83.3,,,,,1.0,1.0,65.0,,,,,67.0,"['GL', 'XG', 'RL']",3
3,Medicham,308.0,96.1,91.1,83.3,,,,,1.0,12.0,65.0,,,,,78.0,"['GL', 'XG', 'RL']",3
6,Medicham,308.0,90.6,95.8,83.3,,,,,18.0,1.0,65.0,,,,,84.0,"['GL', 'XG', 'RL']",3
7,Medicham,308.0,90.6,91.1,83.3,,,,,18.0,12.0,65.0,,,,,95.0,"['GL', 'XG', 'RL']",3
62,Castform (Snowy),351.0,87.1,88.0,90.2,,,,,50.0,38.0,11.0,,,,,99.0,"['GL', 'XG', 'RL']",3
28,Diggersby,660.0,90.7,90.0,83.0,,,,,17.0,22.0,67.0,,,,,106.0,"['GL', 'XG', 'RL']",3
44,Castform (Rainy),351.0,88.8,89.6,84.4,,,,,34.0,24.0,57.0,,,,,115.0,"['GL', 'XG', 'RL']",3
29,Diggersby,660.0,90.7,88.3,83.0,,,,,17.0,35.0,67.0,,,,,119.0,"['GL', 'XG', 'RL']",3
63,Castform (Snowy),351.0,87.1,86.5,90.2,,,,,50.0,58.0,11.0,,,,,119.0,"['GL', 'XG', 'RL']",3
45,Castform (Rainy),351.0,88.8,86.7,84.4,,,,,34.0,56.0,57.0,,,,,147.0,"['GL', 'XG', 'RL']",3
711,Genesect (Burn),649.0,,,,85.7,,74.6,77.1,,,,63.0,,81.0,46.0,190.0,"['UL', 'ML', 'CL']",3
109,Dragonair (Shadow),148.0,84.3,85.2,87.4,,,,,93.0,78.0,22.0,,,,,193.0,"['GL', 'XG', 'RL']",3
10,Stunfisk (Galarian),618.0,94.0,,,94.1,94.8,69.9,60.2,3.0,,,5.0,2.0,116.0,154.0,280.0,"['GL', 'UL', 'PL']",3
149,Melmetal,809.0,82.4,88.2,,82.1,,91.5,92.6,133.0,36.0,,103.0,,8.0,2.0,282.0,"['XG', 'ML', 'CL']",3
70,Galvantula,596.0,86.5,,85.6,80.3,85.4,,,57.0,,41.0,133.0,70.0,,,301.0,"['GL', 'RL', 'PL']",3
59,Froslass,478.0,87.4,88.6,95.2,78.2,82.3,,,47.0,32.0,2.0,154.0,113.0,,,348.0,"['GL', 'XG', 'RL']",3
35,Skarmory,227.0,90.0,,,88.4,91.3,43.1,,23.0,,,33.0,12.0,341.0,,409.0,"['GL', 'UL', 'PL']",3
61,Skarmory (Shadow),227.0,87.2,,,87.0,90.5,43.6,,49.0,,,49.0,16.0,335.0,,449.0,"['GL', 'UL', 'PL']",3
36,Umbreon,197.0,89.8,,,92.1,90.0,60.9,54.3,24.0,,,11.0,21.0,202.0,201.0,459.0,"['GL', 'UL', 'PL']",3
111,Slurpuff,685.0,84.1,,,84.6,83.9,60.6,,95.0,,,73.0,93.0,203.0,,464.0,"['GL', 'UL', 'PL']",3
185,Excadrill,530.0,80.6,83.7,,81.7,84.3,87.8,82.7,167.0,104.0,,110.0,87.0,15.0,29.0,512.0,"['PL', 'ML', 'CL']",3
157,Steelix,208.0,82.1,83.9,,92.3,88.0,71.7,62.9,141.0,98.0,,10.0,40.0,100.0,137.0,526.0,"['XG', 'UL', 'PL']",3
172,Perrserker,863.0,81.5,87.5,,90.3,88.2,47.9,,155.0,42.0,,18.0,37.0,303.0,,555.0,"['XG', 'UL', 'PL']",3
46,Vigoroth,288.0,88.7,91.8,83.7,71.5,77.2,,,35.0,9.0,61.0,282.0,184.0,,,571.0,"['GL', 'XG', 'RL']",3
113,Aromatisse,683.0,84.0,,,85.6,84.4,64.5,57.7,98.0,,,65.0,86.0,168.0,171.0,588.0,"['GL', 'UL', 'PL']",3
128,Suicune,245.0,83.4,81.4,82.5,88.5,,67.5,71.2,112.0,155.0,77.0,32.0,,146.0,76.0,598.0,"['RL', 'UL', 'CL']",3
19,Deoxys (Defense),386.0,92.7,92.3,91.3,81.2,,52.3,52.1,8.0,7.0,8.0,120.0,,276.0,214.0,633.0,"['GL', 'XG', 'RL']",3
205,Articuno (Shadow),144.0,79.7,78.6,80.2,90.0,,75.3,77.1,186.0,206.0,101.0,20.0,,77.0,45.0,635.0,"['UL', 'ML', 'CL']",3
230,Ho-Oh,250.0,78.1,79.5,76.2,86.2,,84.2,89.1,210.0,191.0,174.0,55.0,,26.0,8.0,664.0,"['UL', 'ML', 'CL']",3
87,Ferrothorn,598.0,85.6,83.4,,91.1,91.5,57.3,50.3,71.0,111.0,,15.0,10.0,233.0,227.0,667.0,"['GL', 'UL', 'PL']",3
115,Hypno,97.0,83.9,84.5,91.9,82.2,86.9,44.8,,100.0,88.0,5.0,102.0,52.0,322.0,,669.0,"['XG', 'RL', 'PL']",3
83,Shiftry,275.0,85.8,78.6,,88.3,83.4,52.3,,67.0,207.0,,35.0,98.0,278.0,,685.0,"['GL', 'UL', 'PL']",3
239,Latios,381.0,77.6,81.8,83.5,76.5,,83.5,81.4,219.0,147.0,62.0,195.0,,30.0,34.0,687.0,"['RL', 'ML', 'CL']",3
174,Charizard,6.0,81.4,83.8,77.9,87.5,82.9,77.1,68.8,157.0,102.0,137.0,42.0,103.0,59.0,90.0,690.0,"['UL', 'ML', 'CL']",3
42,Tropius,357.0,89.0,88.3,84.6,77.3,81.7,50.3,,32.0,34.0,55.0,175.0,118.0,293.0,,707.0,"['GL', 'XG', 'RL']",3
144,Blaziken,257.0,82.7,84.7,78.6,80.7,87.2,72.0,66.5,128.0,81.0,123.0,127.0,44.0,98.0,109.0,710.0,"['XG', 'PL', 'ML']",3
122,Forretress,205.0,83.6,87.0,,87.6,84.9,60.9,49.2,107.0,50.0,,39.0,81.0,201.0,234.0,712.0,"['XG', 'UL', 'PL']",3
136,Gliscor (Shadow),472.0,82.9,82.3,79.5,85.8,83.6,73.1,64.3,120.0,134.0,108.0,61.0,97.0,89.0,125.0,734.0,"['UL', 'PL', 'ML']",3
155,Electivire,466.0,82.2,81.2,80.1,81.0,85.3,76.9,70.3,139.0,157.0,104.0,122.0,72.0,62.0,80.0,736.0,"['PL', 'ML', 'CL']",3
51,Dewgong,87.0,88.2,84.4,89.5,81.2,79.4,44.2,,40.0,90.0,13.0,117.0,145.0,332.0,,737.0,"['GL', 'XG', 'RL']",3
118,Zangoose,335.0,83.8,82.3,85.1,86.6,84.9,44.7,,103.0,135.0,48.0,52.0,79.0,326.0,,743.0,"['RL', 'UL', 'PL']",3
134,Flygon,330.0,83.0,84.6,80.8,81.2,86.2,65.0,60.5,118.0,84.0,93.0,119.0,60.0,166.0,152.0,792.0,"['XG', 'RL', 'PL']",3
228,Gallade,475.0,78.1,81.8,79.3,80.1,89.1,74.8,69.9,208.0,146.0,112.0,139.0,28.0,80.0,82.0,795.0,"['PL', 'ML', 'CL']",3
74,Lanturn,171.0,86.3,86.3,85.6,75.1,82.7,42.7,,61.0,61.0,42.0,218.0,107.0,343.0,,832.0,"['GL', 'XG', 'RL']",3
140,Blastoise (Shadow),9.0,82.8,83.8,81.1,82.6,84.8,63.9,56.5,124.0,101.0,90.0,97.0,82.0,175.0,183.0,852.0,"['RL', 'UL', 'PL']",3
75,Quagsire,195.0,86.2,85.4,82.1,76.2,77.9,47.9,,62.0,73.0,80.0,199.0,170.0,304.0,,888.0,"['GL', 'XG', 'RL']",3
223,Gallade (Shadow),475.0,78.5,79.2,80.2,77.8,86.6,75.9,68.0,203.0,199.0,103.0,161.0,56.0,71.0,99.0,892.0,"['PL', 'ML', 'CL']",3
88,Bellossom,182.0,85.5,81.5,80.2,84.1,85.2,55.7,50.3,72.0,153.0,102.0,78.0,74.0,245.0,226.0,950.0,"['GL', 'UL', 'PL']",3
107,Sceptile,254.0,84.3,80.4,76.7,84.5,84.0,62.8,54.4,91.0,173.0,159.0,74.0,92.0,190.0,200.0,979.0,"['GL', 'UL', 'PL']",3
57,Chansey,113.0,87.5,86.6,91.5,42.5,42.5,,,46.0,57.0,7.0,469.0,416.0,,,995.0,"['GL', 'XG', 'RL']",3
156,Cradily (Shadow),346.0,82.1,79.9,81.9,83.4,85.6,51.6,44.4,140.0,183.0,81.0,92.0,68.0,287.0,276.0,1127.0,"['RL', 'UL', 'PL']",3
101,Munchlax,446.0,84.7,84.4,87.3,67.4,69.0,50.3,,85.0,91.0,23.0,330.0,305.0,294.0,,1128.0,"['GL', 'XG', 'RL']",3
297,Bouffalant,626.0,75.1,74.8,75.1,78.0,85.8,76.2,69.2,275.0,279.0,201.0,159.0,66.0,69.0,86.0,1135.0,"['PL', 'ML', 'CL']",3
12,Sableye,302.0,93.0,91.5,,,,,,5.0,10.0,,,,,,15.0,"['GL', 'XG']",2
13,Sableye,302.0,93.0,90.2,,,,,,5.0,20.0,,,,,,25.0,"['GL', 'XG']",2
14,Sableye,302.0,89.3,91.5,,,,,,27.0,10.0,,,,,,37.0,"['GL', 'XG']",2
15,Sableye,302.0,89.3,90.2,,,,,,27.0,20.0,,,,,,47.0,"['GL', 'XG']",2
76,Sableye (Shadow),302.0,86.2,87.0,,,,,,63.0,48.0,,,,,,111.0,"['GL', 'XG']",2
77,Sableye (Shadow),302.0,86.2,85.5,,,,,,63.0,71.0,,,,,,134.0,"['GL', 'XG']",2
78,Sableye (Shadow),302.0,84.0,87.0,,,,,,97.0,48.0,,,,,,145.0,"['GL', 'XG']",2
712,Zekrom,644.0,,,,80.9,,87.2,88.8,,,,124.0,,17.0,11.0,152.0,"['ML', 'CL']",2
26,Lickitung,108.0,91.2,82.2,96.4,,,,,15.0,137.0,1.0,,,,,153.0,"['GL', 'RL']",2
79,Sableye (Shadow),302.0,84.0,85.5,,,,,,97.0,71.0,,,,,,168.0,"['GL', 'XG']",2
709,Mewtwo (Armored),150.0,,,,88.9,,71.4,73.7,,,,27.0,,102.0,58.0,187.0,"['UL', 'CL']",2
710,Virizion,640.0,,,,86.5,,71.2,76.3,,,,53.0,,103.0,48.0,204.0,"['UL', 'CL']",2
716,Palkia,484.0,,,,76.4,,89.3,89.1,,,,196.0,,13.0,10.0,219.0,"['ML', 'CL']",2
715,Landorus (Incarnate),645.0,,,,76.6,,89.8,86.7,,,,193.0,,11.0,16.0,220.0,"['ML', 'CL']",2
123,Castform (Sunny),351.0,83.6,87.3,82.1,,,,,108.0,44.0,78.0,,,,,230.0,"['XG', 'RL']",2
32,Wobbuffet,202.0,90.2,80.0,86.1,,,,,20.0,181.0,32.0,,,,,233.0,"['GL', 'RL']",2
714,Reshiram,643.0,,,,76.8,,84.0,86.5,,,,190.0,,28.0,18.0,236.0,"['ML', 'CL']",2
718,Dialga,483.0,,,,75.7,,85.6,90.3,,,,210.0,,23.0,5.0,238.0,"['ML', 'CL']",2
719,Groudon,383.0,,,,74.9,,87.8,94.8,,,,224.0,,16.0,1.0,241.0,"['ML', 'CL']",2
130,Dragonair,148.0,83.1,84.6,85.4,,,,,114.0,83.0,45.0,,,,,242.0,"['XG', 'RL']",2
124,Castform (Sunny),351.0,83.6,85.4,82.1,,,,,108.0,76.0,78.0,,,,,262.0,"['XG', 'RL']",2
717,Kyurem,646.0,,,,76.0,,80.8,79.6,,,,204.0,,41.0,39.0,284.0,"['ML', 'CL']",2
55,Pachirisu,417.0,87.8,77.3,87.8,,,,,44.0,230.0,18.0,,,,,292.0,"['GL', 'RL']",2
723,Mewtwo,150.0,,,,72.0,,84.0,89.1,,,,271.0,,27.0,9.0,307.0,"['ML', 'CL']",2
722,Kyogre,382.0,,,,72.6,,77.6,83.2,,,,260.0,,53.0,27.0,340.0,"['ML', 'CL']",2
720,Thundurus (Incarnate),642.0,,,,73.5,,79.7,72.5,,,,249.0,,48.0,66.0,363.0,"['ML', 'CL']",2
721,Heatran,485.0,,,,72.6,,72.8,78.6,,,,259.0,,94.0,42.0,395.0,"['ML', 'CL']",2
108,Whimsicott,547.0,84.3,85.4,,80.6,78.2,,,92.0,75.0,,131.0,163.0,,,461.0,"['GL', 'XG']",2
82,Wigglytuff,40.0,85.9,88.6,,79.9,74.1,,,66.0,31.0,,141.0,235.0,,,473.0,"['GL', 'XG']",2
203,Raichu,26.0,79.8,,80.7,80.1,83.3,,,184.0,,94.0,136.0,99.0,,,513.0,"['RL', 'PL']",2
37,Zweilous,634.0,89.8,89.0,,70.7,77.6,,,25.0,26.0,,293.0,176.0,,,520.0,"['GL', 'XG']",2
137,Lickilicky,463.0,82.9,83.2,88.9,89.8,82.7,68.0,67.0,121.0,119.0,15.0,23.0,106.0,138.0,105.0,627.0,"['RL', 'UL']",2
72,Shiftry (Shadow),275.0,86.4,81.7,,88.6,82.4,51.2,,59.0,149.0,,31.0,112.0,290.0,,641.0,"['GL', 'UL']",2
125,Toxicroak,454.0,83.5,88.6,75.4,81.9,86.6,64.4,,109.0,30.0,196.0,109.0,54.0,171.0,,669.0,"['XG', 'PL']",2
17,Bastiodon,411.0,92.9,94.5,,65.6,68.5,,,7.0,2.0,,357.0,310.0,,,676.0,"['GL', 'XG']",2
18,Bastiodon,411.0,89.2,94.5,,65.6,68.5,,,29.0,2.0,,357.0,310.0,,,698.0,"['GL', 'XG']",2
112,Machoke (Shadow),67.0,84.1,86.8,75.8,73.0,78.0,,,96.0,52.0,185.0,255.0,166.0,,,754.0,"['GL', 'XG']",2
165,Golbat (Shadow),42.0,81.7,84.9,81.3,74.1,75.6,,,149.0,80.0,86.0,235.0,204.0,,,754.0,"['XG', 'RL']",2
151,Hitmonchan (Shadow),107.0,82.3,85.9,78.0,82.2,84.9,55.5,,135.0,64.0,135.0,101.0,80.0,247.0,,762.0,"['XG', 'PL']",2
272,Scizor (Shadow),212.0,76.1,82.6,,81.4,82.4,74.9,69.0,251.0,131.0,,116.0,111.0,79.0,88.0,776.0,"['ML', 'CL']",2
162,Poliwrath,62.0,81.8,83.1,77.8,83.8,85.4,69.4,64.0,146.0,124.0,139.0,85.0,71.0,122.0,128.0,815.0,"['UL', 'PL']",2
198,Suicune (Shadow),245.0,80.1,79.2,77.6,86.0,,67.3,68.7,179.0,197.0,142.0,59.0,,151.0,95.0,823.0,"['UL', 'CL']",2
182,Honchkrow,430.0,80.8,80.4,,83.3,84.6,69.3,52.6,164.0,171.0,,94.0,85.0,124.0,209.0,847.0,"['UL', 'PL']",2
212,Raichu (Alolan),26.0,79.2,,80.6,79.7,84.0,42.4,,193.0,,96.0,144.0,91.0,345.0,,869.0,"['RL', 'PL']",2
95,Machoke,67.0,84.9,85.4,73.2,71.8,75.8,,,79.0,74.0,252.0,274.0,201.0,,,880.0,"['GL', 'XG']",2
158,Hitmonchan,107.0,82.0,84.0,76.8,83.7,82.5,49.6,,142.0,95.0,157.0,87.0,110.0,296.0,,887.0,"['XG', 'UL']",2
179,Forretress (Shadow),205.0,81.0,85.8,,80.9,83.7,57.8,48.9,161.0,66.0,,123.0,94.0,230.0,240.0,914.0,"['XG', 'PL']",2
184,Typhlosion,157.0,80.7,80.7,76.7,83.6,83.7,69.8,63.8,166.0,168.0,158.0,88.0,96.0,118.0,130.0,924.0,"['UL', 'PL']",2
317,Mewtwo (Shadow),150.0,74.3,75.0,78.4,75.0,,84.7,86.6,294.0,276.0,127.0,220.0,,24.0,17.0,958.0,"['ML', 'CL']",2
221,Gardevoir,282.0,78.7,84.0,,74.8,69.8,76.0,67.8,201.0,94.0,,229.0,292.0,70.0,102.0,988.0,"['XG', 'ML']",2
222,Piloswine,221.0,78.5,79.2,79.2,84.6,84.8,66.0,58.9,202.0,200.0,116.0,72.0,83.0,161.0,162.0,996.0,"['UL', 'PL']",2
114,Bellossom (Shadow),182.0,84.0,81.5,80.1,85.0,83.2,54.3,49.2,99.0,152.0,105.0,69.0,100.0,260.0,233.0,1018.0,"['GL', 'UL']",2
202,Bronzong,437.0,79.8,80.3,,82.4,88.2,52.7,45.2,183.0,175.0,,98.0,35.0,272.0,271.0,1034.0,"['UL', 'PL']",2
84,Alomomola,594.0,85.7,82.8,81.1,81.9,82.9,52.6,45.3,68.0,128.0,89.0,107.0,102.0,273.0,270.0,1037.0,"['GL', 'RL']",2
97,Jumpluff (Shadow),189.0,84.8,82.0,80.3,60.4,64.3,,,81.0,141.0,99.0,405.0,349.0,,,1075.0,"['GL', 'RL']",2
295,Piloswine (Shadow),221.0,75.2,77.6,78.0,84.0,84.1,66.8,58.4,273.0,224.0,136.0,82.0,90.0,157.0,168.0,1130.0,"['UL', 'PL']",2
334,Krookodile,553.0,73.8,72.3,,77.0,74.6,80.2,75.4,310.0,346.0,,183.0,224.0,43.0,52.0,1158.0,"['ML', 'CL']",2
382,Hydreigon,635.0,72.2,72.6,,71.7,79.3,83.3,75.6,356.0,340.0,,277.0,147.0,31.0,51.0,1202.0,"['ML', 'CL']",2
257,Haxorus,612.0,76.7,79.6,73.7,70.8,78.0,81.6,71.6,236.0,190.0,241.0,288.0,165.0,37.0,72.0,1229.0,"['ML', 'CL']",2
266,Conkeldurr,534.0,76.2,78.8,68.9,77.3,79.4,80.8,73.8,245.0,205.0,363.0,174.0,146.0,40.0,57.0,1230.0,"['ML', 'CL']",2
427,Mamoswine,473.0,70.6,73.9,73.2,79.6,79.9,90.4,87.0,399.0,307.0,253.0,145.0,139.0,10.0,14.0,1267.0,"['ML', 'CL']",2
383,Mamoswine (Shadow),473.0,72.2,73.0,73.6,77.8,79.1,89.6,87.0,357.0,329.0,245.0,163.0,148.0,12.0,15.0,1269.0,"['ML', 'CL']",2
58,Chansey,113.0,87.5,72.4,91.5,42.5,42.5,,,46.0,344.0,7.0,469.0,416.0,,,1282.0,"['GL', 'RL']",2
524,Metagross,376.0,66.6,72.8,,73.9,76.7,80.0,83.6,493.0,335.0,,238.0,190.0,45.0,26.0,1327.0,"['ML', 'CL']",2
433,Weavile (Shadow),461.0,70.4,68.9,,74.8,75.8,81.5,69.9,405.0,419.0,,230.0,203.0,38.0,83.0,1378.0,"['ML', 'CL']",2
353,Hippowdon,450.0,73.1,74.6,70.7,77.0,77.3,79.4,76.0,329.0,285.0,318.0,182.0,182.0,49.0,50.0,1395.0,"['ML', 'CL']",2
314,Ursaring,217.0,74.4,73.8,75.9,71.3,74.9,78.1,71.1,291.0,309.0,183.0,283.0,219.0,51.0,77.0,1413.0,"['ML', 'CL']",2
536,Metagross (Shadow),376.0,65.9,70.5,,71.2,73.6,86.3,81.1,505.0,383.0,,284.0,242.0,20.0,36.0,1470.0,"['ML', 'CL']",2
391,Darmanitan (Standard),555.0,71.8,74.5,71.7,76.6,77.4,72.7,68.7,365.0,290.0,288.0,192.0,180.0,95.0,93.0,1503.0,"['ML', 'CL']",2
461,Glaceon,471.0,69.1,69.1,71.0,80.5,77.9,83.2,75.2,432.0,416.0,310.0,132.0,167.0,32.0,53.0,1542.0,"['ML', 'CL']",2
487,Tyranitar (Shadow),248.0,68.3,69.0,,67.3,69.6,79.9,72.2,457.0,418.0,,333.0,296.0,47.0,69.0,1620.0,"['ML', 'CL']",2
529,Tyranitar,248.0,66.3,67.4,,67.2,69.1,81.7,74.0,498.0,460.0,,338.0,304.0,36.0,56.0,1692.0,"['ML', 'CL']",2
474,Garchomp,445.0,68.7,69.1,60.8,78.2,72.5,92.8,84.2,445.0,415.0,474.0,155.0,254.0,5.0,23.0,1771.0,"['ML', 'CL']",2
556,Rayquaza,384.0,65.0,65.7,63.2,68.9,,80.2,68.7,525.0,484.0,446.0,318.0,,44.0,94.0,1911.0,"['ML', 'CL']",2
477,Braviary,628.0,68.5,68.1,66.6,72.4,74.7,76.3,68.5,448.0,435.0,406.0,263.0,221.0,68.0,97.0,1938.0,"['ML', 'CL']",2
503,Rhyperior,464.0,67.7,67.4,68.6,65.5,69.5,82.3,83.2,472.0,458.0,371.0,358.0,298.0,33.0,28.0,2018.0,"['ML', 'CL']",2
600,Porygon-Z,474.0,61.8,61.1,62.9,66.2,72.2,80.6,75.1,569.0,545.0,450.0,349.0,259.0,42.0,55.0,2269.0,"['ML', 'CL']",2
611,Porygon-Z (Shadow),474.0,61.1,59.7,61.6,67.2,65.5,76.9,73.0,580.0,564.0,470.0,336.0,341.0,61.0,63.0,2415.0,"['ML', 'CL']",2
154,Dusclops (Shadow),356.0,82.3,81.1,86.4,,,,,138.0,158.0,27.0,,,,,323.0,['RL'],1
713,Cobalion,638.0,,,,79.3,,69.3,73.0,,,,146.0,,125.0,61.0,332.0,['CL'],1
166,Castform,351.0,81.6,81.8,85.7,,,,,150.0,148.0,37.0,,,,,335.0,['RL'],1
197,Haunter,93.0,80.1,82.0,85.0,,,,,178.0,143.0,49.0,,,,,370.0,['RL'],1
167,Castform,351.0,81.6,79.8,85.7,,,,,150.0,186.0,37.0,,,,,373.0,['RL'],1
181,Dusclops,356.0,80.8,80.1,84.7,,,,,163.0,179.0,51.0,,,,,393.0,['RL'],1
152,Linoone,264.0,82.3,78.1,83.4,,,,,136.0,216.0,63.0,,,,,415.0,['RL'],1
726,Darkrai,491.0,,,,62.0,,69.8,70.8,,,,388.0,,117.0,78.0,583.0,['CL'],1
199,Drifloon,425.0,80.0,71.5,82.6,,,,,180.0,363.0,74.0,,,,,617.0,['RL'],1
236,Jirachi,385.0,77.8,82.9,,82.1,,71.1,71.9,216.0,127.0,,105.0,,104.0,70.0,622.0,['CL'],1
119,Marowak (Alolan),105.0,83.7,,87.0,69.3,73.0,,,104.0,,25.0,310.0,246.0,,,685.0,['RL'],1
731,Regigigas,486.0,,,,42.6,,63.6,68.3,,,,468.0,,179.0,98.0,745.0,['CL'],1
8,Azumarill,184.0,94.0,,,60.5,63.7,,,2.0,,,404.0,356.0,,,762.0,['GL'],1
280,Genesect,649.0,75.7,81.7,,78.9,,69.5,68.8,259.0,150.0,,148.0,,120.0,92.0,769.0,['CL'],1
9,Azumarill,184.0,92.4,,,60.5,63.7,,,9.0,,,404.0,356.0,,,769.0,['GL'],1
169,Charizard (Shadow),6.0,81.5,83.1,79.5,84.2,82.7,70.0,65.9,152.0,123.0,107.0,76.0,108.0,114.0,113.0,793.0,['UL'],1
116,Stunfisk,618.0,83.9,,79.7,81.2,83.7,57.9,57.9,101.0,,106.0,118.0,95.0,229.0,170.0,819.0,['PL'],1
195,Golbat,42.0,80.2,83.1,80.9,72.6,74.1,,,176.0,126.0,92.0,258.0,234.0,,,886.0,['RL'],1
146,Pinsir (Shadow),127.0,82.6,82.0,78.4,80.8,81.7,71.9,61.7,130.0,142.0,128.0,126.0,117.0,99.0,145.0,887.0,['ML'],1
132,Roserade,407.0,83.1,83.3,76.3,78.5,85.9,68.6,62.2,116.0,116.0,172.0,151.0,65.0,131.0,143.0,894.0,['PL'],1
135,Beedrill (Shadow),15.0,82.9,86.2,79.2,66.1,69.6,,,119.0,63.0,115.0,350.0,295.0,,,942.0,['XG'],1
150,Noctowl,164.0,82.4,83.2,83.0,77.5,79.9,39.7,,134.0,120.0,69.0,171.0,140.0,356.0,,990.0,['RL'],1
196,Milotic,350.0,80.2,79.0,76.6,81.5,80.7,73.0,65.8,177.0,203.0,162.0,114.0,131.0,91.0,114.0,992.0,['ML'],1
126,Sealeo (Shadow),364.0,83.5,83.2,85.7,62.3,65.0,,,110.0,122.0,39.0,385.0,344.0,,,1000.0,['RL'],1
206,Granbull,210.0,79.7,84.5,,76.8,80.8,58.8,54.4,187.0,87.0,,188.0,127.0,216.0,198.0,1003.0,['XG'],1
208,Barbaracle,689.0,79.5,82.6,84.8,77.2,81.2,65.5,55.3,189.0,130.0,50.0,176.0,123.0,164.0,191.0,1023.0,['RL'],1
214,Hypno (Shadow),97.0,79.0,83.4,84.7,73.8,81.5,44.8,,195.0,112.0,52.0,241.0,121.0,323.0,,1044.0,['RL'],1
173,Sealeo,364.0,81.5,83.2,86.3,62.2,64.1,,,156.0,121.0,30.0,386.0,353.0,,,1046.0,['RL'],1
186,Vaporeon,134.0,80.6,80.4,77.7,75.8,78.6,73.4,65.4,168.0,174.0,141.0,208.0,158.0,87.0,117.0,1053.0,['ML'],1
180,Zebstrika,523.0,81.0,81.2,78.1,78.1,84.3,29.5,,162.0,156.0,134.0,158.0,88.0,385.0,,1083.0,['PL'],1
138,Marshtomp (Shadow),259.0,82.9,84.4,76.6,61.9,66.4,,,122.0,89.0,161.0,390.0,332.0,,,1094.0,['XG'],1
333,Moltres,146.0,73.8,77.8,74.0,77.6,,71.1,73.0,309.0,219.0,235.0,167.0,,105.0,62.0,1097.0,['CL'],1
229,Glalie,362.0,78.1,77.2,83.0,81.5,77.9,46.3,,209.0,231.0,68.0,113.0,168.0,312.0,,1101.0,['RL'],1
249,Ampharos,181.0,77.1,78.4,76.4,77.1,82.0,68.8,69.3,229.0,209.0,166.0,180.0,115.0,129.0,84.0,1112.0,['CL'],1
244,Golem (Alolan),76.0,77.5,78.4,80.4,76.9,81.3,67.3,63.0,224.0,211.0,98.0,186.0,122.0,150.0,134.0,1125.0,['RL'],1
293,Rapidash (Galarian),78.0,75.3,80.1,,73.7,85.0,35.1,,271.0,180.0,,243.0,77.0,374.0,,1145.0,['PL'],1
238,Crustle,558.0,77.7,81.4,83.1,80.1,81.7,60.3,47.4,218.0,154.0,66.0,137.0,120.0,207.0,251.0,1153.0,['RL'],1
248,Graveler (Alolan),75.0,77.2,79.0,82.8,65.0,69.3,,,228.0,204.0,72.0,364.0,302.0,,,1170.0,['RL'],1
269,Kingdra,230.0,76.1,76.2,78.8,80.1,86.2,65.2,54.9,248.0,250.0,119.0,138.0,61.0,165.0,195.0,1176.0,['PL'],1
263,Dragalge,691.0,76.4,80.2,79.3,77.8,86.5,57.9,47.0,242.0,178.0,111.0,165.0,57.0,228.0,257.0,1238.0,['PL'],1
370,Latias,380.0,72.6,74.1,75.1,71.7,,70.6,69.0,345.0,298.0,199.0,278.0,,110.0,89.0,1319.0,['CL'],1
389,Entei,244.0,71.9,73.5,69.7,75.6,,67.2,73.2,363.0,316.0,342.0,211.0,,153.0,60.0,1445.0,['CL'],1
447,Weavile,461.0,69.6,68.7,,73.8,73.9,77.3,66.8,419.0,426.0,,240.0,237.0,56.0,108.0,1486.0,['ML'],1
298,Ursaring (Shadow),217.0,75.1,72.0,75.7,72.3,70.8,75.2,67.9,276.0,353.0,187.0,265.0,280.0,78.0,100.0,1539.0,['ML'],1
435,Entei (Shadow),244.0,70.3,71.5,69.7,73.4,,67.2,72.4,407.0,364.0,343.0,250.0,,154.0,67.0,1585.0,['CL'],1
422,Beartic,614.0,70.8,73.4,74.0,71.1,73.8,75.7,67.8,394.0,317.0,234.0,285.0,238.0,74.0,101.0,1643.0,['ML'],1
308,Carracosta,565.0,74.5,73.9,81.6,69.1,73.2,55.8,48.8,286.0,305.0,82.0,313.0,244.0,241.0,241.0,1712.0,['RL'],1
460,Gigalith,526.0,69.1,70.2,73.5,69.3,73.7,72.8,65.4,431.0,387.0,246.0,309.0,240.0,93.0,118.0,1824.0,['ML'],1
672,Salamence,373.0,54.2,54.1,52.7,60.9,64.9,73.1,63.4,641.0,612.0,531.0,400.0,346.0,90.0,132.0,2752.0,['ML'],1
139,Spritzee,682.0,82.9,,,,,,,123.0,,,,,,,123.0,['-'],0
190,Grimer (Alolan),88.0,80.4,82.6,,,,,,172.0,132.0,,,,,,304.0,['-'],0
219,Sandshrew (Alolan),27.0,78.8,79.9,,,,,,200.0,184.0,,,,,,384.0,['-'],0
215,Wormadam (Trash),413.0,79.0,79.5,,,,,,196.0,192.0,,,,,,388.0,['-'],0
145,Quilladin,651.0,82.6,81.6,79.4,,,,,129.0,151.0,110.0,,,,,390.0,['-'],0
254,Mawile (Shadow),303.0,76.8,79.4,,,,,,234.0,194.0,,,,,,428.0,['-'],0
141,Ivysaur,2.0,82.8,81.1,77.3,,,,,125.0,159.0,152.0,,,,,436.0,['-'],0
176,Servine,496.0,81.2,80.2,79.5,,,,,159.0,176.0,109.0,,,,,444.0,['-'],0
258,Mawile,303.0,76.7,78.2,,,,,,237.0,213.0,,,,,,450.0,['-'],0
191,Grimer (Alolan),88.0,80.4,74.5,,,,,,172.0,292.0,,,,,,464.0,['-'],0
163,Vullaby,629.0,81.8,72.7,,,,,,147.0,338.0,,,,,,485.0,['-'],0
247,Linoone (Galarian),264.0,77.3,75.8,,,,,,227.0,258.0,,,,,,485.0,['-'],0
546,Houndour,228.0,65.3,,,,,,,515.0,,,,,,,515.0,['-'],0
555,Houndour (Shadow),228.0,65.0,,,,,,,524.0,,,,,,,524.0,['-'],0
557,Stunky (Shadow),434.0,65.0,,,,,,,526.0,,,,,,,526.0,['-'],0
189,Ivysaur (Shadow),2.0,80.5,80.4,75.5,,,,,171.0,172.0,190.0,,,,,533.0,['-'],0
220,Sandshrew (Alolan),27.0,78.8,72.8,,,,,,200.0,336.0,,,,,,536.0,['-'],0
209,Gloom (Shadow),44.0,79.5,79.4,77.0,,,,,190.0,193.0,156.0,,,,,539.0,['-'],0
211,Wailmer,320.0,79.3,77.3,78.6,,,,,192.0,228.0,124.0,,,,,544.0,['-'],0
177,Servine,496.0,81.2,75.0,79.5,,,,,159.0,277.0,109.0,,,,,545.0,['-'],0
255,Grimer (Shadow),88.0,76.7,83.2,75.2,,,,,235.0,118.0,198.0,,,,,551.0,['-'],0
591,Stunky,434.0,62.3,,,,,,,560.0,,,,,,,560.0,['-'],0
283,Magnemite (Shadow),81.0,75.6,72.6,,,,,,262.0,339.0,,,,,,601.0,['-'],0
733,Kadabra,64.0,,50.9,,,,,,,633.0,,,,,,633.0,['-'],0
734,Kadabra (Shadow),64.0,,46.7,,,,,,,644.0,,,,,,644.0,['-'],0
307,Magnemite,81.0,74.6,71.4,,,,,,285.0,368.0,,,,,,653.0,['-'],0
735,Cranidos,408.0,,22.4,,,,,,,654.0,,,,,,654.0,['-'],0
688,Ferroseed,597.0,50.3,,,,,,,657.0,,,,,,,657.0,['-'],0
290,Grimer,88.0,75.4,80.9,73.8,,,,,269.0,161.0,239.0,,,,,669.0,['-'],0
217,Bayleef,153.0,78.8,73.9,76.3,,,,,198.0,304.0,169.0,,,,,671.0,['-'],0
703,Swirlix,684.0,43.5,,,,,,,672.0,,,,,,,672.0,['-'],0
732,Deoxys,386.0,,,,,,33.9,32.7,,,,,,376.0,302.0,678.0,['-'],0
224,Grovyle,253.0,78.5,75.8,74.5,,,,,204.0,257.0,221.0,,,,,682.0,['-'],0
243,Prinplup,394.0,77.5,77.1,74.3,,,,,223.0,233.0,227.0,,,,,683.0,['-'],0
262,Dugtrio,51.0,76.5,77.6,74.5,,,,,241.0,223.0,220.0,,,,,684.0,['-'],0
727,Terrakion,639.0,,,,61.3,,63.5,64.4,,,,397.0,,180.0,124.0,701.0,['-'],0
256,Grimer (Shadow),88.0,76.7,75.2,75.2,,,,,235.0,273.0,198.0,,,,,706.0,['-'],0
309,Croconaw,159.0,74.5,76.2,76.2,,,,,287.0,249.0,173.0,,,,,709.0,['-'],0
375,Pawniard,624.0,72.4,71.6,,,,,,350.0,362.0,,,,,,712.0,['-'],0
264,Tirtouga,564.0,76.4,75.4,74.9,,,,,243.0,268.0,206.0,,,,,717.0,['-'],0
246,Emolga,587.0,77.4,77.6,72.6,,,,,226.0,225.0,269.0,,,,,720.0,['-'],0
304,Scraggy,559.0,75.0,67.6,,,,,,282.0,451.0,,,,,,733.0,['-'],0
311,Litleo,667.0,74.5,76.5,75.0,,,,,289.0,244.0,202.0,,,,,735.0,['-'],0
265,Gloom,44.0,76.3,76.4,73.5,,,,,244.0,245.0,248.0,,,,,737.0,['-'],0
268,Minun,312.0,76.2,75.1,74.4,,,,,247.0,275.0,224.0,,,,,746.0,['-'],0
397,Swadloon,541.0,71.6,,68.1,,,,,371.0,,381.0,,,,,752.0,['-'],0
281,Charmeleon (Shadow),5.0,75.6,77.8,72.3,,,,,260.0,218.0,275.0,,,,,753.0,['-'],0
282,Dewott,502.0,75.6,75.6,74.2,,,,,261.0,265.0,230.0,,,,,756.0,['-'],0
225,Bonsly,438.0,78.3,70.6,76.1,,,,,205.0,378.0,177.0,,,,,760.0,['-'],0
730,Xerneas,716.0,,,,48.2,,67.2,58.1,,,,461.0,,156.0,169.0,786.0,['-'],0
348,Rufflet,627.0,73.4,73.9,76.4,,,,,324.0,306.0,168.0,,,,,798.0,['-'],0
456,Karrablast,588.0,69.2,,68.4,,,,,427.0,,375.0,,,,,802.0,['-'],0
321,Nuzleaf,274.0,74.1,64.1,,,,,,297.0,510.0,,,,,,807.0,['-'],0
291,Grimer,88.0,75.4,74.0,73.8,,,,,269.0,302.0,239.0,,,,,810.0,['-'],0
325,Nuzleaf (Shadow),274.0,74.0,63.9,,,,,,301.0,512.0,,,,,,813.0,['-'],0
336,Luxio,404.0,73.7,74.7,74.5,,,,,312.0,281.0,222.0,,,,,815.0,['-'],0
363,Nidorina (Shadow),30.0,72.7,76.9,73.5,,,,,339.0,236.0,247.0,,,,,822.0,['-'],0
318,Fletchinder,662.0,74.3,78.2,70.5,,,,,295.0,214.0,324.0,,,,,833.0,['-'],0
443,Murkrow,198.0,69.9,68.7,,,,,,415.0,423.0,,,,,,838.0,['-'],0
454,Skrelp,690.0,69.3,,65.8,,,,,425.0,,416.0,,,,,841.0,['-'],0
379,Nidorino (Shadow),33.0,72.3,77.4,72.8,,,,,354.0,227.0,265.0,,,,,846.0,['-'],0
234,Wobbuffet (Shadow),202.0,77.9,68.6,74.9,,,,,214.0,428.0,207.0,,,,,849.0,['-'],0
312,Litleo,667.0,74.5,71.8,75.0,,,,,289.0,358.0,202.0,,,,,849.0,['-'],0
289,Farfetch'd,83.0,75.4,68.2,76.7,,,,,268.0,431.0,160.0,,,,,859.0,['-'],0
323,Charmeleon,5.0,74.0,75.7,71.3,,,,,299.0,262.0,305.0,,,,,866.0,['-'],0
319,Fletchinder,662.0,74.3,75.7,70.5,,,,,295.0,264.0,324.0,,,,,883.0,['-'],0
728,Tornadus (Incarnate),641.0,,,,56.4,,60.1,46.5,,,,427.0,,209.0,262.0,898.0,['-'],0
270,Ledian,166.0,76.1,68.8,74.3,,,,,249.0,421.0,229.0,,,,,899.0,['-'],0
377,Swellow,277.0,72.4,72.8,74.4,,,,,352.0,337.0,226.0,,,,,915.0,['-'],0
471,Persian (Alolan),53.0,68.7,66.4,,,,,,442.0,475.0,,,,,,917.0,['-'],0
313,Poliwhirl,61.0,74.5,69.3,74.3,,,,,290.0,409.0,228.0,,,,,927.0,['-'],0
259,Palpitoad,536.0,76.7,71.7,70.2,,,,,238.0,361.0,329.0,,,,,928.0,['-'],0
505,Bulbasaur (Shadow),1.0,67.6,,62.4,,,,,474.0,,458.0,,,,,932.0,['-'],0
359,Corsola,222.0,72.9,68.1,76.5,,,,,335.0,438.0,164.0,,,,,937.0,['-'],0
335,Growlithe (Shadow),58.0,73.7,69.1,74.7,,,,,311.0,414.0,212.0,,,,,937.0,['-'],0
421,Kricketune,402.0,70.8,73.6,74.1,,,,,393.0,312.0,233.0,,,,,938.0,['-'],0
407,Nidorino,33.0,71.3,75.3,71.6,,,,,381.0,272.0,295.0,,,,,948.0,['-'],0
449,Nidorina,30.0,69.5,75.4,72.7,,,,,421.0,267.0,266.0,,,,,954.0,['-'],0
288,Delcatty,301.0,75.4,67.5,73.9,,,,,267.0,455.0,236.0,,,,,958.0,['-'],0
260,Victini,494.0,76.7,80.2,79.1,79.9,,66.2,64.2,239.0,177.0,118.0,140.0,,159.0,126.0,959.0,['-'],0
540,Bulbasaur,1.0,65.8,,62.8,,,,,509.0,,453.0,,,,,962.0,['-'],0
532,Elekid,239.0,66.1,,62.1,,,,,501.0,,464.0,,,,,965.0,['-'],0
553,Chespin,650.0,65.2,,63.2,,,,,522.0,,445.0,,,,,967.0,['-'],0
561,Dugtrio (Alolan),51.0,64.7,67.8,,,,,,530.0,443.0,,,,,,973.0,['-'],0
399,Ariados,168.0,71.4,74.8,70.5,,,,,373.0,280.0,321.0,,,,,974.0,['-'],0
430,Ninjask,291.0,70.5,72.2,74.4,,,,,402.0,349.0,225.0,,,,,976.0,['-'],0
380,Nidorino (Shadow),33.0,72.3,71.8,72.8,,,,,354.0,357.0,265.0,,,,,976.0,['-'],0
194,Skuntank,435.0,80.3,82.2,,80.7,82.6,58.2,53.5,175.0,136.0,,128.0,109.0,226.0,205.0,979.0,['-'],0
250,Machop,66.0,77.0,69.4,69.5,,,,,230.0,407.0,347.0,,,,,984.0,['-'],0
251,Magneton (Shadow),82.0,77.0,80.7,,78.8,82.8,43.9,,231.0,167.0,,149.0,104.0,333.0,,984.0,['-'],0
292,Lileep,345.0,75.4,64.1,74.8,,,,,270.0,509.0,210.0,,,,,989.0,['-'],0
296,Mantyke,458.0,75.2,65.6,73.8,,,,,274.0,485.0,240.0,,,,,999.0,['-'],0
584,Seel,86.0,63.4,,62.8,,,,,553.0,,451.0,,,,,1004.0,['-'],0
324,Chinchou,170.0,74.0,64.3,75.1,,,,,300.0,505.0,200.0,,,,,1005.0,['-'],0
339,Wartortle,8.0,73.6,69.5,71.8,,,,,315.0,404.0,287.0,,,,,1006.0,['-'],0
287,Poliwhirl (Shadow),61.0,75.5,71.0,68.1,,,,,266.0,371.0,380.0,,,,,1017.0,['-'],0
414,Dwebble,557.0,71.2,64.4,78.3,,,,,386.0,503.0,129.0,,,,,1018.0,['-'],0
337,Oddish (Shadow),43.0,73.7,68.0,72.4,,,,,313.0,440.0,274.0,,,,,1027.0,['-'],0
390,Combusken,256.0,71.8,73.2,69.8,,,,,364.0,327.0,336.0,,,,,1027.0,['-'],0
602,Trapinch (Shadow),328.0,61.6,,62.4,,,,,571.0,,459.0,,,,,1030.0,['-'],0
364,Nidorina (Shadow),30.0,72.7,67.7,73.5,,,,,339.0,445.0,247.0,,,,,1031.0,['-'],0
401,Quilava,156.0,71.4,72.8,70.3,,,,,375.0,333.0,327.0,,,,,1035.0,['-'],0
210,Skuntank (Shadow),435.0,79.4,81.1,,80.7,82.8,58.5,49.8,191.0,160.0,,129.0,105.0,221.0,230.0,1036.0,['-'],0
416,Ponyta,77.0,71.1,73.5,69.8,,,,,388.0,315.0,339.0,,,,,1042.0,['-'],0
378,Monferno,391.0,72.3,73.3,68.7,,,,,353.0,323.0,368.0,,,,,1044.0,['-'],0
360,Darumaka,554.0,72.9,70.9,69.8,,,,,336.0,373.0,337.0,,,,,1046.0,['-'],0
315,Scizor,212.0,74.3,80.5,,79.2,80.3,67.5,60.0,292.0,170.0,,147.0,135.0,145.0,157.0,1046.0,['-'],0
183,Cherrim (Sunshine),421.0,80.7,77.6,73.1,75.3,76.6,,,165.0,222.0,256.0,215.0,192.0,,,1050.0,['-'],0
387,Geodude (Alolan),74.0,72.0,63.7,75.8,,,,,361.0,515.0,184.0,,,,,1060.0,['-'],0
420,Eelektrik,603.0,70.9,71.9,71.0,,,,,392.0,356.0,313.0,,,,,1061.0,['-'],0
320,Lileep (Shadow),345.0,74.2,63.5,73.2,,,,,296.0,518.0,251.0,,,,,1065.0,['-'],0
408,Nidorino,33.0,71.3,69.8,71.6,,,,,381.0,395.0,295.0,,,,,1071.0,['-'],0
581,Liepard,510.0,63.5,63.1,,,,,,550.0,521.0,,,,,,1071.0,['-'],0
417,Braixen,654.0,71.0,72.9,69.0,,,,,389.0,331.0,360.0,,,,,1080.0,['-'],0
330,Turtwig (Shadow),387.0,73.8,65.2,72.0,,,,,306.0,491.0,283.0,,,,,1080.0,['-'],0
362,Growlithe,58.0,72.8,68.1,71.3,,,,,338.0,437.0,306.0,,,,,1081.0,['-'],0
616,Goldeen,118.0,60.6,,58.5,,,,,585.0,,497.0,,,,,1082.0,['-'],0
412,Dustox,269.0,71.2,72.2,69.3,,,,,385.0,350.0,353.0,,,,,1088.0,['-'],0
619,Clauncher,692.0,60.1,,58.1,,,,,588.0,,503.0,,,,,1091.0,['-'],0
279,Magneton,82.0,75.7,79.6,,76.9,80.6,44.6,,258.0,188.0,,187.0,133.0,327.0,,1093.0,['-'],0
641,Totodile,158.0,58.3,,59.8,,,,,610.0,,485.0,,,,,1095.0,['-'],0
204,Sudowoodo,185.0,79.8,82.2,77.8,75.5,80.2,51.8,,185.0,139.0,138.0,212.0,136.0,285.0,,1095.0,['-'],0
587,Aron (Shadow),304.0,62.6,61.3,,,,,,556.0,541.0,,,,,,1097.0,['-'],0
143,Quagsire (Shadow),195.0,82.7,83.4,76.3,76.2,77.5,46.9,,127.0,113.0,171.0,200.0,178.0,309.0,,1098.0,['-'],0
161,Ninetales,38.0,81.8,83.1,80.3,82.4,82.3,53.2,48.2,145.0,125.0,100.0,100.0,114.0,268.0,246.0,1098.0,['-'],0
724,Sharpedo (Shadow),319.0,,68.2,,66.0,67.7,,,,430.0,,352.0,320.0,,,1102.0,['-'],0
651,Eevee,133.0,57.2,,59.8,,,,,620.0,,488.0,,,,,1108.0,['-'],0
653,Trapinch,328.0,57.0,,59.6,,,,,622.0,,490.0,,,,,1112.0,['-'],0
590,Krokorok,552.0,62.3,60.3,,,,,,559.0,557.0,,,,,,1116.0,['-'],0
358,Banette,354.0,72.9,73.4,78.1,77.1,78.9,,,334.0,320.0,131.0,179.0,153.0,,,1117.0,['-'],0
200,Beedrill,15.0,80.0,83.9,77.2,64.0,68.4,,,181.0,100.0,154.0,371.0,312.0,,,1118.0,['-'],0
187,Pinsir,127.0,80.5,80.8,77.3,78.2,79.1,68.1,55.2,169.0,164.0,153.0,156.0,149.0,135.0,193.0,1119.0,['-'],0
329,Slowpoke,79.0,73.8,61.6,72.2,,,,,305.0,538.0,278.0,,,,,1121.0,['-'],0
425,Tranquill,520.0,70.7,67.9,71.8,,,,,397.0,442.0,286.0,,,,,1125.0,['-'],0
216,Shelgon,372.0,78.9,79.2,78.5,65.6,72.4,,,197.0,196.0,125.0,356.0,258.0,,,1132.0,['-'],0
599,Aron,304.0,61.8,59.6,,,,,,568.0,566.0,,,,,,1134.0,['-'],0
428,Spinda,327.0,70.6,60.5,76.1,,,,,400.0,555.0,179.0,,,,,1134.0,['-'],0
725,Sharpedo,319.0,,68.2,,62.5,67.1,,,,429.0,,383.0,327.0,,,1139.0,['-'],0
657,Skorupi,451.0,56.5,,54.6,,,,,626.0,,523.0,,,,,1149.0,['-'],0
476,Omanyte (Shadow),138.0,68.6,68.7,72.1,,,,,447.0,424.0,280.0,,,,,1151.0,['-'],0
439,Plusle,311.0,70.1,70.1,69.4,,,,,411.0,389.0,351.0,,,,,1151.0,['-'],0
131,Jumpluff,189.0,83.1,82.1,77.4,61.4,64.0,,,115.0,140.0,148.0,394.0,354.0,,,1151.0,['-'],0
662,Tentacool,72.0,55.9,,54.7,,,,,631.0,,522.0,,,,,1153.0,['-'],0
671,Piplup,393.0,54.5,,55.1,,,,,640.0,,518.0,,,,,1158.0,['-'],0
464,Smoochum,238.0,69.0,63.1,74.9,,,,,435.0,522.0,205.0,,,,,1162.0,['-'],0
193,Gligar (Shadow),207.0,80.3,80.6,78.4,62.7,67.8,,,174.0,169.0,126.0,380.0,318.0,,,1167.0,['-'],0
271,Muk (Shadow),89.0,76.1,80.7,77.8,80.1,81.7,62.9,57.6,250.0,166.0,140.0,135.0,116.0,188.0,173.0,1168.0,['-'],0
450,Nidorina,30.0,69.5,64.9,72.7,,,,,421.0,494.0,266.0,,,,,1181.0,['-'],0
227,Feraligatr,160.0,78.2,79.2,77.1,75.1,80.7,68.2,61.2,207.0,198.0,155.0,217.0,130.0,133.0,147.0,1187.0,['-'],0
473,Gothorita,575.0,68.7,67.1,72.2,,,,,444.0,465.0,279.0,,,,,1188.0,['-'],0
170,Gastrodon (East),423.0,81.5,80.9,74.7,79.8,80.8,59.5,57.2,153.0,162.0,214.0,142.0,125.0,215.0,178.0,1189.0,['-'],0
178,Gligar,207.0,81.1,81.9,76.2,62.7,66.6,,,160.0,145.0,175.0,379.0,331.0,,,1190.0,['-'],0
351,Machop (Shadow),66.0,73.2,67.6,66.2,,,,,327.0,452.0,411.0,,,,,1190.0,['-'],0
682,Corphish,341.0,51.4,,50.3,,,,,651.0,,540.0,,,,,1191.0,['-'],0
175,Marshtomp,259.0,81.4,83.8,76.0,60.7,64.8,,,158.0,103.0,181.0,403.0,347.0,,,1192.0,['-'],0
171,Gastrodon (West),423.0,81.5,80.9,74.7,79.8,80.8,59.6,57.2,154.0,163.0,216.0,143.0,126.0,213.0,179.0,1194.0,['-'],0
466,Weepinbell,70.0,69.0,70.7,67.9,,,,,437.0,377.0,383.0,,,,,1197.0,['-'],0
188,Grotle (Shadow),388.0,80.5,77.9,77.4,66.7,67.5,,,170.0,217.0,147.0,344.0,321.0,,,1199.0,['-'],0
458,Weepinbell (Shadow),70.0,69.2,70.0,67.8,,,,,429.0,392.0,386.0,,,,,1207.0,['-'],0
201,Probopass,476.0,79.9,82.4,,74.3,78.7,52.7,49.0,182.0,133.0,,234.0,157.0,271.0,238.0,1215.0,['-'],0
705,Unown,201.0,39.9,,43.3,,,,,674.0,,551.0,,,,,1225.0,['-'],0
226,Magmortar (Shadow),467.0,78.3,79.7,74.9,75.9,79.5,69.3,59.8,206.0,187.0,204.0,206.0,141.0,123.0,158.0,1225.0,['-'],0
459,Staravia,397.0,69.2,62.3,72.5,,,,,430.0,530.0,272.0,,,,,1232.0,['-'],0
406,Oddish,43.0,71.3,64.1,69.4,,,,,380.0,511.0,352.0,,,,,1243.0,['-'],0
491,Exeggcute (Shadow),102.0,68.2,69.3,68.2,,,,,461.0,411.0,378.0,,,,,1250.0,['-'],0
658,Snubbull,209.0,56.5,51.6,,,,,,627.0,625.0,,,,,,1252.0,['-'],0
245,Pidgeot,18.0,77.4,76.8,76.1,78.6,80.7,44.6,,225.0,240.0,178.0,150.0,132.0,328.0,,1253.0,['-'],0
241,Victreebel (Shadow),71.0,77.6,79.0,76.6,77.8,79.5,38.7,,221.0,202.0,163.0,162.0,142.0,363.0,,1253.0,['-'],0
545,Archen,566.0,65.3,68.1,71.3,,,,,514.0,439.0,303.0,,,,,1256.0,['-'],0
342,Crawdaunt,342.0,73.5,73.4,,77.4,75.2,56.3,,318.0,318.0,,172.0,212.0,238.0,,1258.0,['-'],0
261,Seismitoad,537.0,76.6,78.2,72.0,78.3,83.2,68.2,63.6,240.0,215.0,284.0,153.0,101.0,134.0,131.0,1258.0,['-'],0
168,Ludicolo,272.0,81.6,77.0,77.5,81.9,81.7,54.2,48.6,151.0,234.0,145.0,108.0,119.0,261.0,242.0,1260.0,['-'],0
483,Exeggcute,102.0,68.4,69.3,67.1,,,,,454.0,410.0,397.0,,,,,1261.0,['-'],0
301,Drapion,452.0,75.0,77.7,,80.8,77.3,58.0,49.8,279.0,221.0,,125.0,181.0,227.0,229.0,1262.0,['-'],0
369,Bisharp,625.0,72.6,74.0,,76.0,77.0,70.6,64.8,344.0,301.0,,203.0,185.0,108.0,122.0,1263.0,['-'],0
347,Moltres (Shadow),146.0,73.4,75.4,74.8,74.9,,68.1,67.8,323.0,270.0,209.0,222.0,,136.0,103.0,1263.0,['-'],0
404,Turtwig,387.0,71.3,62.2,68.9,,,,,378.0,532.0,364.0,,,,,1274.0,['-'],0
413,Dustox,269.0,71.2,61.6,69.3,,,,,385.0,537.0,353.0,,,,,1275.0,['-'],0
340,Durant,632.0,73.6,78.3,,77.8,79.4,58.3,51.2,316.0,212.0,,164.0,143.0,224.0,218.0,1277.0,['-'],0
451,Slowpoke (Shadow),79.0,69.5,60.9,71.2,,,,,422.0,548.0,309.0,,,,,1279.0,['-'],0
275,Muk,89.0,76.0,78.5,77.4,78.1,80.4,62.4,56.2,254.0,208.0,149.0,157.0,134.0,194.0,184.0,1280.0,['-'],0
300,Ampharos (Shadow),181.0,75.0,76.9,77.3,76.3,80.1,67.7,62.3,278.0,238.0,150.0,197.0,137.0,141.0,140.0,1281.0,['-'],0
371,Magmar (Shadow),126.0,72.5,82.2,75.8,77.1,80.8,47.4,,346.0,138.0,186.0,178.0,128.0,306.0,,1282.0,['-'],0
516,Frillish,592.0,67.2,61.4,72.9,,,,,485.0,540.0,260.0,,,,,1285.0,['-'],0
356,Lombre,271.0,73.0,57.7,68.6,,,,,332.0,585.0,369.0,,,,,1286.0,['-'],0
468,Wartortle (Shadow),8.0,68.9,66.5,68.3,,,,,439.0,474.0,377.0,,,,,1290.0,['-'],0
232,Probopass (Shadow),476.0,78.0,81.9,,73.6,78.2,51.5,47.2,212.0,144.0,,246.0,162.0,288.0,255.0,1307.0,['-'],0
213,Grotle,388.0,79.2,76.0,76.3,65.3,66.3,,,194.0,254.0,170.0,359.0,333.0,,,1310.0,['-'],0
437,Magby,240.0,70.2,65.3,65.8,,,,,409.0,489.0,417.0,,,,,1315.0,['-'],0
518,Vanillish,583.0,67.1,65.2,69.7,,,,,487.0,492.0,341.0,,,,,1320.0,['-'],0
702,Clefairy,35.0,43.9,37.8,,,,,,671.0,652.0,,,,,,1323.0,['-'],0
365,Klinklang,601.0,72.7,77.8,,76.1,77.9,58.6,57.3,340.0,220.0,,201.0,169.0,219.0,176.0,1325.0,['-'],0
523,Darumaka (Galarian),554.0,66.6,63.5,70.5,,,,,492.0,517.0,322.0,,,,,1331.0,['-'],0
576,Persian (Shadow),53.0,63.8,64.8,71.7,,,,,545.0,495.0,292.0,,,,,1332.0,['-'],0
284,Spiritomb,442.0,75.6,77.3,,72.0,71.8,45.4,,263.0,229.0,,269.0,266.0,315.0,,1342.0,['-'],0
429,Vibrava (Shadow),329.0,70.6,60.2,67.9,,,,,401.0,559.0,382.0,,,,,1342.0,['-'],0
231,Wailord,321.0,78.1,78.4,76.0,76.6,76.7,39.7,,211.0,210.0,182.0,194.0,191.0,355.0,,1343.0,['-'],0
489,Clamperl,366.0,68.2,61.2,69.5,,,,,459.0,542.0,349.0,,,,,1350.0,['-'],0
571,Persian,53.0,63.9,63.0,71.5,,,,,540.0,523.0,298.0,,,,,1361.0,['-'],0
240,Relicanth,369.0,77.6,79.6,79.3,75.0,78.8,56.3,50.4,220.0,189.0,114.0,221.0,154.0,239.0,225.0,1362.0,['-'],0
218,Bibarel,400.0,78.8,77.1,77.4,57.6,61.0,,,199.0,232.0,146.0,420.0,369.0,,,1366.0,['-'],0
392,Aggron (Shadow),306.0,71.7,74.3,,75.1,76.9,66.7,61.4,366.0,295.0,,216.0,186.0,158.0,146.0,1367.0,['-'],0
388,Banette (Shadow),354.0,71.9,71.1,74.6,74.9,76.3,,,362.0,370.0,217.0,226.0,195.0,,,1370.0,['-'],0
465,Snover,459.0,69.0,58.9,69.2,,,,,436.0,579.0,358.0,,,,,1373.0,['-'],0
507,Onix,95.0,67.5,61.7,69.0,,,,,476.0,536.0,362.0,,,,,1374.0,['-'],0
526,Lampent,608.0,66.5,67.7,64.5,,,,,495.0,447.0,432.0,,,,,1374.0,['-'],0
565,Omanyte,138.0,64.5,66.3,68.7,,,,,534.0,476.0,367.0,,,,,1377.0,['-'],0
528,Teddiursa (Shadow),216.0,66.4,58.7,71.4,,,,,497.0,581.0,301.0,,,,,1379.0,['-'],0
306,Uxie,480.0,74.6,75.8,78.7,77.6,,48.2,48.4,284.0,260.0,121.0,169.0,,300.0,245.0,1379.0,['-'],0
509,Espurr,677.0,67.5,58.2,70.5,,,,,478.0,582.0,323.0,,,,,1383.0,['-'],0
233,Seaking,119.0,77.9,76.1,73.7,77.9,79.1,35.5,,213.0,251.0,243.0,160.0,150.0,372.0,,1389.0,['-'],0
492,Exeggcute (Shadow),102.0,68.2,60.9,68.2,,,,,461.0,550.0,378.0,,,,,1389.0,['-'],0
550,Roggenrola,524.0,65.2,58.9,71.7,,,,,519.0,578.0,293.0,,,,,1390.0,['-'],0
343,Klang,600.0,73.5,74.1,,59.2,62.3,,,319.0,297.0,,411.0,363.0,,,1390.0,['-'],0
560,Swoobat,528.0,64.8,67.3,66.7,,,,,529.0,462.0,405.0,,,,,1396.0,['-'],0
539,Rhyhorn,111.0,65.8,67.7,63.1,,,,,508.0,449.0,448.0,,,,,1405.0,['-'],0
541,Frogadier,657.0,65.8,66.6,64.7,,,,,510.0,470.0,427.0,,,,,1407.0,['-'],0
484,Exeggcute,102.0,68.4,60.4,67.1,,,,,454.0,556.0,397.0,,,,,1407.0,['-'],0
398,Aggron,306.0,71.6,73.2,,74.0,76.8,67.2,62.3,372.0,325.0,,236.0,188.0,152.0,139.0,1412.0,['-'],0
490,Dugtrio (Shadow),51.0,68.2,62.9,64.5,,,,,460.0,525.0,431.0,,,,,1416.0,['-'],0
286,Victreebel,71.0,75.5,76.0,73.4,77.6,77.9,46.4,,265.0,253.0,249.0,170.0,171.0,311.0,,1419.0,['-'],0
341,Cloyster,91.0,73.5,72.0,75.4,81.4,79.0,67.3,62.3,317.0,354.0,194.0,115.0,151.0,149.0,141.0,1421.0,['-'],0
299,Magmortar,467.0,75.1,77.5,72.4,72.4,78.4,69.6,66.9,277.0,226.0,273.0,264.0,160.0,119.0,107.0,1426.0,['-'],0
242,Vileplume (Shadow),45.0,77.5,79.1,76.5,75.5,77.7,55.7,52.4,222.0,201.0,165.0,213.0,172.0,243.0,210.0,1426.0,['-'],0
567,Hippopotas,449.0,64.4,59.7,70.0,,,,,536.0,563.0,331.0,,,,,1430.0,['-'],0
274,Raticate (Alolan),20.0,76.0,73.1,,53.2,53.8,,,253.0,328.0,,448.0,403.0,,,1432.0,['-'],0
568,Teddiursa,216.0,64.4,59.2,70.5,,,,,537.0,574.0,325.0,,,,,1436.0,['-'],0
267,Electrode,101.0,76.2,76.9,75.5,73.8,77.5,41.1,,246.0,237.0,191.0,239.0,177.0,347.0,,1437.0,['-'],0
542,Sandshrew (Shadow),27.0,65.7,61.2,67.5,,,,,511.0,544.0,393.0,,,,,1448.0,['-'],0
277,Electabuzz (Shadow),125.0,75.9,76.7,75.6,75.0,78.7,22.5,,256.0,241.0,188.0,219.0,155.0,391.0,,1450.0,['-'],0
569,Porygon,137.0,64.3,63.9,67.0,,,,,538.0,513.0,400.0,,,,,1451.0,['-'],0
235,Vespiquen,416.0,77.9,79.8,78.1,70.0,71.4,40.1,,215.0,185.0,133.0,303.0,271.0,351.0,,1458.0,['-'],0
457,Vibrava,329.0,69.2,56.9,63.6,,,,,428.0,592.0,439.0,,,,,1459.0,['-'],0
514,Snover (Shadow),459.0,67.3,57.1,67.6,,,,,483.0,590.0,391.0,,,,,1464.0,['-'],0
344,Venomoth (Shadow),49.0,73.5,76.6,73.0,65.2,70.6,,,320.0,242.0,259.0,362.0,286.0,,,1469.0,['-'],0
303,Houndoom (Shadow),229.0,75.0,73.5,,74.3,74.3,63.3,50.3,281.0,314.0,,233.0,230.0,184.0,228.0,1470.0,['-'],0
583,Yanma,193.0,63.4,65.4,64.3,,,,,552.0,488.0,434.0,,,,,1474.0,['-'],0
574,Geodude,74.0,63.8,58.9,69.1,,,,,543.0,577.0,359.0,,,,,1479.0,['-'],0
538,Golett,622.0,65.8,62.9,63.0,,,,,507.0,526.0,449.0,,,,,1482.0,['-'],0
386,Seviper,336.0,72.0,75.8,74.6,66.0,69.8,,,360.0,261.0,219.0,351.0,293.0,,,1484.0,['-'],0
570,Aipom (Shadow),190.0,64.0,59.5,67.7,,,,,539.0,571.0,387.0,,,,,1497.0,['-'],0
367,Rapidash,78.0,72.6,76.0,71.5,77.7,79.4,49.2,,342.0,252.0,297.0,166.0,144.0,298.0,,1499.0,['-'],0
588,Mothim,414.0,62.5,64.2,63.3,,,,,557.0,507.0,443.0,,,,,1507.0,['-'],0
376,Shelgon (Shadow),372.0,72.4,74.3,75.4,62.6,70.1,,,351.0,296.0,195.0,382.0,291.0,,,1515.0,['-'],0
394,Houndoom,229.0,71.7,73.4,,74.9,74.4,63.2,54.8,368.0,319.0,,223.0,226.0,185.0,196.0,1517.0,['-'],0
252,Carnivine,455.0,76.9,74.7,74.6,75.8,74.7,39.4,,232.0,284.0,218.0,207.0,222.0,358.0,,1521.0,['-'],0
285,Eelektross,604.0,75.5,76.5,71.6,76.9,78.0,61.6,57.6,264.0,243.0,294.0,185.0,164.0,198.0,174.0,1522.0,['-'],0
350,Qwilfish,211.0,73.2,74.6,71.0,67.7,71.0,,,326.0,287.0,311.0,326.0,277.0,,,1527.0,['-'],0
346,Marowak (Shadow),105.0,73.4,,66.1,58.0,59.4,,,322.0,,412.0,417.0,379.0,,,1530.0,['-'],0
423,Celebi,251.0,70.7,72.4,71.8,74.8,,64.0,66.9,395.0,343.0,285.0,228.0,,173.0,106.0,1530.0,['-'],0
332,Luxray,405.0,73.8,74.7,73.1,76.3,78.7,64.4,58.8,308.0,282.0,257.0,198.0,156.0,170.0,165.0,1536.0,['-'],0
355,Arcanine (Shadow),59.0,73.0,75.0,74.9,73.6,77.6,65.9,61.1,331.0,278.0,203.0,244.0,174.0,162.0,148.0,1540.0,['-'],0
472,Sneasel,215.0,68.7,67.7,,68.0,67.5,,,443.0,450.0,,324.0,323.0,,,1540.0,['-'],0
354,Marowak,105.0,73.1,,65.5,58.9,59.9,,,330.0,,421.0,413.0,377.0,,,1541.0,['-'],0
622,Pupitar (Shadow),247.0,59.9,60.6,66.3,,,,,591.0,553.0,409.0,,,,,1553.0,['-'],0
368,Venomoth,49.0,72.6,75.6,73.2,63.1,68.0,,,343.0,266.0,255.0,376.0,315.0,,,1555.0,['-'],0
338,Omastar (Shadow),139.0,73.7,75.7,78.8,72.1,76.9,61.8,53.4,314.0,263.0,120.0,268.0,187.0,197.0,207.0,1556.0,['-'],0
415,Cryogonal,615.0,71.1,70.6,76.0,76.9,76.3,70.6,64.2,387.0,380.0,180.0,184.0,196.0,109.0,127.0,1563.0,['-'],0
253,Torterra (Shadow),389.0,76.8,75.4,73.6,73.9,75.4,62.6,57.2,233.0,269.0,244.0,237.0,208.0,193.0,180.0,1564.0,['-'],0
411,Cloyster (Shadow),91.0,71.2,69.6,76.2,80.6,77.4,67.4,60.2,384.0,401.0,176.0,130.0,179.0,148.0,155.0,1573.0,['-'],0
327,Scolipede,545.0,73.9,76.2,70.9,76.8,78.3,39.2,,303.0,248.0,315.0,191.0,161.0,359.0,,1577.0,['-'],0
405,Mightyena,262.0,71.3,69.2,,58.4,60.6,,,379.0,413.0,,414.0,373.0,,,1579.0,['-'],0
607,Loudred,294.0,61.3,53.2,67.9,,,,,576.0,619.0,385.0,,,,,1580.0,['-'],0
558,Whirlipede,544.0,65.0,56.5,62.5,,,,,527.0,598.0,457.0,,,,,1582.0,['-'],0
278,Swalot,317.0,75.8,79.4,77.5,66.8,71.5,33.2,,257.0,195.0,143.0,342.0,269.0,379.0,,1585.0,['-'],0
589,Sandshrew,27.0,62.4,59.1,61.6,,,,,558.0,575.0,469.0,,,,,1602.0,['-'],0
237,Leavanny,542.0,77.7,75.3,74.8,76.8,75.0,56.8,45.8,217.0,271.0,211.0,189.0,216.0,235.0,266.0,1605.0,['-'],0
633,Watchog,505.0,59.2,57.7,65.7,,,,,602.0,586.0,420.0,,,,,1608.0,['-'],0
305,Torkoal,324.0,75.0,76.8,73.2,72.7,72.5,44.3,,283.0,239.0,254.0,256.0,250.0,330.0,,1612.0,['-'],0
606,Aipom,190.0,61.3,55.7,63.2,,,,,575.0,601.0,444.0,,,,,1620.0,['-'],0
579,Shellos (East),422.0,63.6,56.7,60.2,,,,,548.0,595.0,481.0,,,,,1624.0,['-'],0
352,Alakazam,65.0,73.1,74.5,74.4,70.6,74.4,69.3,62.7,328.0,289.0,223.0,294.0,227.0,126.0,138.0,1625.0,['-'],0
580,Shellos (West),422.0,63.6,56.7,60.2,,,,,549.0,596.0,482.0,,,,,1627.0,['-'],0
520,Sneasel (Shadow),215.0,67.0,66.5,,67.2,67.1,,,489.0,473.0,,337.0,328.0,,,1627.0,['-'],0
620,Roselia,315.0,60.1,62.0,57.7,,,,,589.0,533.0,505.0,,,,,1627.0,['-'],0
328,Simisage,512.0,73.9,72.5,72.9,77.1,76.0,41.0,,304.0,342.0,261.0,177.0,200.0,348.0,,1632.0,['-'],0
349,Alakazam (Shadow),65.0,73.3,73.9,75.5,70.6,73.6,68.4,61.8,325.0,303.0,192.0,295.0,241.0,132.0,144.0,1632.0,['-'],0
632,Raticate,20.0,59.3,59.0,62.2,,,,,601.0,576.0,462.0,,,,,1639.0,['-'],0
614,Flaaffy,180.0,60.8,59.5,59.6,,,,,583.0,570.0,489.0,,,,,1642.0,['-'],0
642,Beautifly,267.0,58.2,60.9,60.0,,,,,611.0,549.0,484.0,,,,,1644.0,['-'],0
623,Elgyem,605.0,59.9,56.5,62.6,,,,,592.0,597.0,456.0,,,,,1645.0,['-'],0
502,Metang,375.0,67.7,73.2,,51.2,55.6,,,471.0,326.0,,454.0,395.0,,,1646.0,['-'],0
402,Staraptor,398.0,71.4,72.0,70.4,77.6,80.8,68.7,58.7,376.0,352.0,326.0,168.0,129.0,130.0,167.0,1648.0,['-'],0
655,Pupitar,247.0,56.8,58.1,63.4,,,,,624.0,584.0,440.0,,,,,1648.0,['-'],0
663,Nosepass,299.0,55.8,53.8,66.7,,,,,632.0,613.0,404.0,,,,,1649.0,['-'],0
310,Golduck,55.0,74.5,76.9,71.7,74.9,77.6,58.6,50.7,288.0,235.0,289.0,225.0,175.0,220.0,223.0,1655.0,['-'],0
444,Togetic,176.0,69.8,70.6,,48.4,52.8,,,416.0,381.0,,460.0,405.0,,,1662.0,['-'],0
617,Pidgeotto,17.0,60.4,54.4,60.8,,,,,586.0,611.0,475.0,,,,,1672.0,['-'],0
639,Drowzee,96.0,58.7,52.8,62.6,,,,,608.0,620.0,455.0,,,,,1683.0,['-'],0
372,Dunsparce,206.0,72.4,71.2,78.3,55.4,52.8,,,347.0,369.0,130.0,437.0,404.0,,,1687.0,['-'],0
381,Greninja,658.0,72.2,70.8,,71.9,72.1,60.5,50.4,355.0,374.0,,272.0,260.0,204.0,224.0,1689.0,['-'],0
384,Arcanine,59.0,72.1,74.0,72.8,74.8,75.5,63.6,58.9,358.0,300.0,263.0,227.0,206.0,178.0,160.0,1692.0,['-'],0
302,Golduck (Shadow),55.0,75.0,75.9,72.5,75.9,77.7,55.0,46.8,280.0,255.0,271.0,205.0,173.0,251.0,259.0,1694.0,['-'],0
640,Drowzee (Shadow),96.0,58.6,52.6,62.1,,,,,609.0,622.0,463.0,,,,,1694.0,['-'],0
629,Drilbur,529.0,59.4,58.1,56.0,,,,,598.0,583.0,514.0,,,,,1695.0,['-'],0
664,Nosepass (Shadow),299.0,55.7,50.3,64.7,,,,,633.0,635.0,429.0,,,,,1697.0,['-'],0
273,Vileplume,45.0,76.1,75.2,72.7,74.6,75.2,54.4,53.5,252.0,274.0,267.0,232.0,209.0,259.0,204.0,1697.0,['-'],0
294,Tangela,114.0,75.3,72.9,71.4,74.6,75.8,38.7,,272.0,332.0,300.0,231.0,202.0,362.0,,1699.0,['-'],0
637,Flaaffy (Shadow),180.0,58.9,57.1,57.6,,,,,606.0,589.0,506.0,,,,,1701.0,['-'],0
654,Herdier,507.0,56.9,54.5,60.7,,,,,623.0,609.0,477.0,,,,,1709.0,['-'],0
624,Cubone (Shadow),104.0,59.9,55.4,55.8,,,,,593.0,604.0,515.0,,,,,1712.0,['-'],0
650,Chatot,441.0,57.2,57.4,57.4,,,,,619.0,587.0,507.0,,,,,1713.0,['-'],0
361,Magmar,126.0,72.8,75.8,69.6,71.7,77.2,45.8,,337.0,259.0,345.0,279.0,183.0,313.0,,1716.0,['-'],0
322,Leafeon,470.0,74.1,72.9,71.7,73.4,76.0,64.0,57.3,298.0,330.0,291.0,252.0,199.0,174.0,177.0,1721.0,['-'],0
316,Sliggoo,705.0,74.3,,70.7,61.3,67.4,25.6,,293.0,,319.0,396.0,324.0,389.0,,1721.0,['-'],0
409,Graveler,75.0,71.3,72.3,74.7,57.5,63.3,,,382.0,348.0,215.0,421.0,360.0,,,1726.0,['-'],0
630,Koffing,109.0,59.3,51.0,58.7,,,,,599.0,632.0,496.0,,,,,1727.0,['-'],0
419,Porygon2,233.0,71.0,73.8,72.3,75.7,76.5,63.0,58.9,391.0,310.0,276.0,209.0,193.0,186.0,163.0,1728.0,['-'],0
548,Metang (Shadow),375.0,65.3,71.5,,49.8,54.7,,,517.0,365.0,,458.0,400.0,,,1740.0,['-'],0
635,Cubone,104.0,59.0,53.8,53.1,,,,,604.0,614.0,529.0,,,,,1747.0,['-'],0
374,Nidoqueen,31.0,72.4,76.2,68.5,75.4,79.0,57.8,56.1,349.0,247.0,373.0,214.0,152.0,231.0,186.0,1752.0,['-'],0
345,Electabuzz,125.0,73.4,74.5,73.9,70.7,74.3,22.6,,321.0,288.0,237.0,291.0,228.0,390.0,,1755.0,['-'],0
331,Torterra,389.0,73.8,73.6,71.4,73.4,74.5,62.8,58.8,307.0,313.0,302.0,253.0,225.0,191.0,164.0,1755.0,['-'],0
366,Amoonguss,591.0,72.6,72.6,70.7,77.3,75.0,36.5,,341.0,341.0,317.0,173.0,215.0,369.0,,1756.0,['-'],0
276,Infernape,392.0,75.9,76.3,68.8,71.8,76.8,59.8,51.2,255.0,246.0,365.0,273.0,189.0,212.0,219.0,1759.0,['-'],0
648,Buneary,427.0,57.3,49.0,58.1,,,,,617.0,641.0,502.0,,,,,1760.0,['-'],0
424,Purugly,432.0,70.7,69.7,74.8,61.2,62.6,,,396.0,399.0,208.0,398.0,362.0,,,1763.0,['-'],0
669,Butterfree,12.0,55.1,55.2,55.0,,,,,638.0,607.0,520.0,,,,,1765.0,['-'],0
675,Raticate (Shadow),20.0,54.0,55.1,55.1,,,,,644.0,608.0,519.0,,,,,1771.0,['-'],0
393,Chandelure,609.0,71.7,74.3,71.0,64.7,75.0,70.9,66.1,367.0,294.0,314.0,365.0,217.0,106.0,112.0,1775.0,['-'],0
656,Koffing (Shadow),109.0,56.6,49.2,55.2,,,,,625.0,638.0,517.0,,,,,1780.0,['-'],0
649,Pineco (Shadow),204.0,57.3,51.2,50.5,,,,,618.0,628.0,538.0,,,,,1784.0,['-'],0
676,Kabuto,140.0,53.6,51.1,56.3,,,,,645.0,630.0,512.0,,,,,1787.0,['-'],0
668,Axew,610.0,55.1,51.1,54.9,,,,,637.0,629.0,521.0,,,,,1787.0,['-'],0
678,Krabby,98.0,53.4,53.8,53.2,,,,,647.0,615.0,528.0,,,,,1790.0,['-'],0
436,Lairon (Shadow),305.0,70.3,73.8,,64.6,67.0,33.7,,408.0,308.0,,368.0,329.0,377.0,,1790.0,['-'],0
729,Rampardos,409.0,,62.0,,55.3,60.8,56.8,50.9,,534.0,,439.0,371.0,236.0,221.0,1801.0,['-'],0
692,Ponyta (Galarian),77.0,49.1,53.5,53.7,,,,,661.0,617.0,526.0,,,,,1804.0,['-'],0
687,Anorith (Shadow),347.0,50.4,52.4,53.7,,,,,656.0,623.0,525.0,,,,,1804.0,['-'],0
661,Phanpy,231.0,55.9,49.1,50.6,,,,,630.0,639.0,537.0,,,,,1806.0,['-'],0
426,Heatmor,631.0,70.6,74.6,69.3,73.4,74.8,47.4,,398.0,286.0,355.0,251.0,220.0,305.0,,1815.0,['-'],0
410,Huntail,367.0,71.3,74.3,73.3,69.7,72.8,43.3,,383.0,293.0,250.0,305.0,247.0,338.0,,1816.0,['-'],0
403,Sunflora,192.0,71.4,68.8,67.1,67.3,70.1,,,377.0,422.0,399.0,332.0,289.0,,,1819.0,['-'],0
689,Porygon (Shadow),137.0,50.1,51.1,53.0,,,,,658.0,631.0,530.0,,,,,1819.0,['-'],0
442,Omastar,139.0,69.9,72.3,76.4,71.8,74.2,63.4,53.9,414.0,347.0,167.0,275.0,232.0,182.0,203.0,1820.0,['-'],0
373,Gurdurr,533.0,72.4,75.9,72.6,68.9,72.6,31.3,,348.0,256.0,270.0,317.0,249.0,382.0,,1822.0,['-'],0
670,Pineco,204.0,54.7,47.8,50.0,,,,,639.0,643.0,541.0,,,,,1823.0,['-'],0
511,Golem,76.0,67.4,67.5,77.5,72.7,71.2,70.8,66.3,480.0,456.0,144.0,257.0,272.0,107.0,111.0,1827.0,['-'],0
357,Manectric,310.0,73.0,72.8,73.1,69.5,75.1,31.2,,333.0,334.0,258.0,307.0,214.0,383.0,,1829.0,['-'],0
694,Anorith,347.0,48.4,50.6,51.5,,,,,663.0,634.0,533.0,,,,,1830.0,['-'],0
463,Lairon,305.0,69.0,73.3,,63.8,67.2,33.5,,434.0,322.0,,373.0,326.0,378.0,,1833.0,['-'],0
395,Porygon2 (Shadow),233.0,71.7,70.1,71.6,73.7,75.1,64.5,59.6,369.0,390.0,296.0,242.0,213.0,169.0,159.0,1838.0,['-'],0
685,Timburr,532.0,51.2,46.6,44.5,,,,,654.0,645.0,550.0,,,,,1849.0,['-'],0
693,Munna,517.0,48.6,41.9,48.4,,,,,662.0,648.0,544.0,,,,,1854.0,['-'],0
700,Duosion,578.0,45.8,46.4,49.5,,,,,669.0,646.0,543.0,,,,,1858.0,['-'],0
530,Fraxure,611.0,66.3,68.8,72.0,62.9,70.7,,,499.0,420.0,282.0,377.0,281.0,,,1859.0,['-'],0
697,Deerling,585.0,46.8,40.8,45.9,,,,,666.0,650.0,546.0,,,,,1862.0,['-'],0
701,Solosis,577.0,45.3,41.7,48.4,,,,,670.0,649.0,545.0,,,,,1864.0,['-'],0
704,Spoink,325.0,42.9,38.9,45.9,,,,,673.0,651.0,547.0,,,,,1871.0,['-'],0
400,Breloom,286.0,71.4,70.6,61.3,72.0,80.9,54.4,,374.0,379.0,471.0,270.0,124.0,258.0,,1876.0,['-'],0
326,Kingler,99.0,73.9,73.8,71.7,69.2,73.7,59.6,52.1,302.0,311.0,290.0,311.0,239.0,214.0,211.0,1878.0,['-'],0
636,Cacturne,332.0,59.0,56.2,,67.2,63.7,,,605.0,599.0,,335.0,355.0,,,1894.0,['-'],0
396,Scyther (Shadow),123.0,71.7,73.4,74.2,73.6,72.7,55.9,48.5,370.0,321.0,231.0,247.0,248.0,240.0,244.0,1901.0,['-'],0
441,Pignite,499.0,70.0,71.9,67.9,61.0,63.4,,,413.0,355.0,384.0,399.0,359.0,,,1910.0,['-'],0
385,Tentacruel,73.0,72.1,74.1,71.3,73.6,78.5,51.3,47.3,359.0,299.0,307.0,248.0,159.0,289.0,254.0,1915.0,['-'],0
525,Misdreavus (Shadow),200.0,66.6,69.6,74.7,54.9,56.6,,,494.0,403.0,213.0,443.0,390.0,,,1943.0,['-'],0
621,Klefki,707.0,59.9,62.8,,54.1,56.4,,,590.0,528.0,,447.0,391.0,,,1956.0,['-'],0
438,Magcargo,219.0,70.2,72.1,69.3,52.2,55.7,,,410.0,351.0,356.0,450.0,394.0,,,1961.0,['-'],0
485,Chimecho,358.0,68.4,70.7,74.2,70.5,74.7,32.3,,455.0,375.0,232.0,298.0,223.0,381.0,,1964.0,['-'],0
448,Lumineon,457.0,69.5,70.3,69.5,56.0,55.9,,,420.0,385.0,348.0,433.0,393.0,,,1979.0,['-'],0
533,Boldore,525.0,66.0,67.3,72.8,60.3,64.4,,,502.0,461.0,264.0,406.0,348.0,,,1981.0,['-'],0
467,Gothitelle,576.0,68.9,71.4,73.9,73.6,80.0,51.9,42.4,438.0,367.0,238.0,245.0,138.0,282.0,282.0,1990.0,['-'],0
537,Stoutland,508.0,65.9,66.2,72.2,76.1,71.9,68.0,64.0,506.0,479.0,277.0,202.0,263.0,137.0,129.0,1993.0,['-'],0
498,Basculin,550.0,68.0,70.2,67.2,60.7,64.9,,,467.0,386.0,396.0,402.0,345.0,,,1996.0,['-'],0
517,Mr. Rime,866.0,67.2,66.5,70.6,77.0,75.2,62.7,58.9,486.0,472.0,320.0,181.0,210.0,192.0,161.0,2022.0,['-'],0
431,Golurk,623.0,70.5,74.7,67.7,68.9,72.5,60.0,55.6,403.0,283.0,388.0,316.0,253.0,210.0,190.0,2043.0,['-'],0
434,Simipour,516.0,70.4,72.3,70.0,66.9,71.0,40.8,,406.0,345.0,330.0,341.0,276.0,349.0,,2047.0,['-'],0
418,Claydol,344.0,71.0,74.5,72.6,59.8,66.6,39.0,,390.0,291.0,268.0,408.0,330.0,360.0,,2047.0,['-'],0
478,Parasect,47.0,68.5,69.8,66.9,55.1,56.0,,,449.0,397.0,402.0,441.0,392.0,,,2081.0,['-'],0
549,Misdreavus,200.0,65.2,67.7,72.1,52.9,55.4,,,518.0,448.0,281.0,449.0,398.0,,,2094.0,['-'],0
440,Kangaskhan,115.0,70.0,69.4,67.6,72.2,71.1,64.6,55.9,412.0,406.0,390.0,266.0,273.0,167.0,188.0,2102.0,['-'],0
452,Mismagius,429.0,69.4,69.0,75.3,71.5,71.1,54.6,46.6,423.0,417.0,197.0,281.0,274.0,255.0,261.0,2108.0,['-'],0
515,Cinccino,573.0,67.2,69.7,70.0,67.4,68.0,55.1,,484.0,398.0,332.0,329.0,317.0,250.0,,2110.0,['-'],0
469,Jolteon,135.0,68.8,69.9,69.6,70.5,75.2,58.7,53.3,440.0,393.0,344.0,297.0,211.0,218.0,208.0,2111.0,['-'],0
594,Mr. Mime,122.0,62.1,64.4,,62.4,68.8,39.7,,563.0,504.0,,384.0,306.0,357.0,,2114.0,['-'],0
496,Delphox,655.0,68.0,70.9,66.0,70.8,71.9,64.2,60.9,465.0,372.0,413.0,287.0,265.0,172.0,150.0,2124.0,['-'],0
510,Donphan,232.0,67.4,70.1,61.7,71.5,72.4,69.2,63.0,479.0,388.0,468.0,280.0,256.0,127.0,136.0,2134.0,['-'],0
470,Nidoqueen (Shadow),31.0,68.7,73.3,64.3,72.5,75.6,54.9,51.1,441.0,324.0,435.0,262.0,205.0,252.0,220.0,2139.0,['-'],0
446,Pyroar,668.0,69.6,70.7,67.7,70.2,70.7,60.4,58.8,418.0,376.0,389.0,301.0,284.0,206.0,166.0,2140.0,['-'],0
453,Masquerain,284.0,69.4,70.0,67.1,70.6,70.7,39.9,,424.0,391.0,398.0,296.0,282.0,352.0,,2143.0,['-'],0
486,Aerodactyl (Shadow),142.0,68.3,69.8,75.4,66.4,70.6,56.6,49.2,456.0,394.0,193.0,348.0,285.0,237.0,232.0,2145.0,['-'],0
575,Mr. Mime (Galarian),122.0,63.8,64.5,69.7,56.5,64.2,,,544.0,502.0,340.0,426.0,351.0,,,2163.0,['-'],0
480,Gabite,444.0,68.5,69.4,62.1,52.0,55.4,,,451.0,405.0,465.0,452.0,397.0,,,2170.0,['-'],0
462,Emboar,500.0,69.0,71.4,65.7,68.0,73.2,61.4,56.0,433.0,366.0,419.0,323.0,245.0,199.0,187.0,2172.0,['-'],0
432,Rotom (Wash),479.0,70.4,68.7,68.8,71.0,76.3,54.6,48.5,404.0,425.0,366.0,286.0,197.0,256.0,243.0,2177.0,['-'],0
481,Kabutops,141.0,68.4,69.6,73.7,67.6,71.9,55.2,47.8,452.0,402.0,242.0,328.0,264.0,249.0,248.0,2185.0,['-'],0
488,Simisear,514.0,68.3,70.4,65.9,70.8,70.1,40.2,,458.0,384.0,415.0,289.0,290.0,350.0,,2186.0,['-'],0
475,Slowking,199.0,68.6,68.2,71.0,71.8,76.2,53.8,45.4,446.0,433.0,312.0,276.0,198.0,264.0,268.0,2197.0,['-'],0
479,Slowbro,80.0,68.5,68.2,70.8,70.1,76.5,54.5,47.1,450.0,432.0,316.0,302.0,194.0,257.0,256.0,2207.0,['-'],0
445,Exeggutor (Alolan),103.0,69.7,68.1,66.3,69.3,72.0,62.9,54.7,417.0,436.0,407.0,308.0,262.0,187.0,197.0,2214.0,['-'],0
500,Wormadam (Sandy),413.0,67.8,68.2,62.4,52.2,51.5,,,469.0,434.0,460.0,451.0,406.0,,,2220.0,['-'],0
582,Camerupt,323.0,63.5,65.4,60.9,63.4,65.5,,,551.0,487.0,472.0,374.0,340.0,,,2224.0,['-'],0
521,Furret,162.0,66.9,67.4,66.2,47.6,51.5,,,490.0,457.0,410.0,462.0,407.0,,,2226.0,['-'],0
572,Arbok,24.0,63.9,66.0,67.2,56.5,58.2,,,541.0,481.0,395.0,425.0,384.0,,,2226.0,['-'],0
499,Wormadam (Plant),413.0,67.9,66.8,62.2,55.4,55.5,,,468.0,468.0,461.0,438.0,396.0,,,2231.0,['-'],0
494,Exeggutor (Shadow),103.0,68.1,66.0,68.3,69.1,75.5,62.0,53.4,463.0,480.0,376.0,314.0,207.0,196.0,206.0,2242.0,['-'],0
625,Absol,359.0,59.8,59.5,,59.7,62.0,47.0,,594.0,572.0,,410.0,365.0,308.0,,2249.0,['-'],0
646,Absol (Shadow),359.0,57.9,57.3,,62.6,63.5,45.3,,615.0,588.0,,381.0,358.0,316.0,,2258.0,['-'],0
493,Exeggutor,103.0,68.1,67.2,69.0,67.0,74.9,59.8,52.1,462.0,463.0,361.0,339.0,218.0,211.0,213.0,2267.0,['-'],0
512,Armaldo (Shadow),348.0,67.3,70.5,72.9,65.9,68.0,55.4,47.8,481.0,382.0,262.0,353.0,316.0,248.0,247.0,2289.0,['-'],0
543,Blissey,242.0,65.4,64.8,68.4,70.4,73.4,63.8,55.8,512.0,496.0,374.0,299.0,243.0,177.0,189.0,2290.0,['-'],0
547,Meowstic (Female),678.0,65.3,67.0,69.8,62.8,69.5,45.1,,516.0,466.0,338.0,378.0,297.0,318.0,,2313.0,['-'],0
513,Rhydon,112.0,67.3,67.5,63.2,63.8,67.7,70.1,63.0,482.0,454.0,447.0,372.0,319.0,112.0,135.0,2321.0,['-'],0
482,Slowbro (Shadow),80.0,68.4,67.1,70.3,68.6,74.2,52.9,45.8,453.0,464.0,328.0,322.0,233.0,269.0,267.0,2336.0,['-'],0
598,Arbok (Shadow),24.0,61.8,63.3,64.8,55.1,57.0,,,567.0,519.0,424.0,440.0,389.0,,,2339.0,['-'],0
497,Scyther,123.0,68.0,69.7,69.9,68.8,68.4,55.8,46.0,466.0,400.0,334.0,319.0,313.0,242.0,265.0,2339.0,['-'],0
554,Archeops,567.0,65.1,67.7,71.3,61.5,67.3,66.1,55.1,523.0,446.0,304.0,393.0,325.0,160.0,194.0,2345.0,['-'],0
544,Unfezant,521.0,65.4,66.3,67.3,69.1,72.1,60.2,53.9,513.0,477.0,394.0,312.0,261.0,208.0,202.0,2367.0,['-'],0
495,Slowking (Shadow),199.0,68.1,66.9,69.9,68.7,74.3,51.9,44.6,464.0,467.0,335.0,321.0,229.0,281.0,274.0,2371.0,['-'],0
612,Girafarig,203.0,61.0,60.6,64.7,55.9,60.0,,,581.0,552.0,428.0,435.0,376.0,,,2372.0,['-'],0
455,Weezing,110.0,69.3,69.8,66.0,73.2,71.1,44.7,42.2,426.0,396.0,414.0,254.0,275.0,325.0,284.0,2374.0,['-'],0
501,Crobat,169.0,67.7,66.6,63.8,72.1,74.2,52.8,48.9,470.0,471.0,437.0,267.0,231.0,270.0,239.0,2385.0,['-'],0
562,Aerodactyl,142.0,64.7,66.7,70.0,67.2,71.4,58.4,49.7,531.0,469.0,333.0,334.0,270.0,222.0,231.0,2390.0,['-'],0
618,Swanna,581.0,60.3,59.5,59.4,61.6,63.6,,,587.0,568.0,493.0,392.0,357.0,,,2397.0,['-'],0
519,Dusknoir (Shadow),477.0,67.1,67.6,71.4,69.7,71.6,47.1,40.1,488.0,453.0,299.0,304.0,268.0,307.0,288.0,2407.0,['-'],0
592,Dodrio,85.0,62.3,61.5,65.8,72.5,70.4,42.1,,561.0,539.0,418.0,261.0,288.0,346.0,,2413.0,['-'],0
601,Fearow,22.0,61.7,61.2,60.3,54.5,57.6,,,570.0,543.0,480.0,445.0,386.0,,,2424.0,['-'],0
508,Garbodor,569.0,67.5,71.7,69.2,66.7,71.7,44.2,37.1,477.0,360.0,357.0,343.0,267.0,331.0,296.0,2431.0,['-'],0
522,Maractus,556.0,66.8,63.7,63.8,66.5,68.5,43.3,,491.0,514.0,438.0,345.0,311.0,339.0,,2438.0,['-'],0
593,Darmanitan (Galarian),555.0,62.1,64.5,64.8,65.7,66.0,69.4,62.3,562.0,501.0,425.0,354.0,338.0,121.0,142.0,2443.0,['-'],0
564,Meowstic (Male),678.0,64.6,66.2,68.2,61.6,69.2,38.7,,533.0,478.0,379.0,391.0,303.0,361.0,,2445.0,['-'],0
552,Dusknoir,477.0,65.2,67.8,71.2,68.7,72.4,45.2,40.3,521.0,444.0,308.0,320.0,257.0,317.0,286.0,2453.0,['-'],0
527,Yanmega,469.0,66.5,68.7,66.9,66.5,70.9,57.0,44.6,496.0,427.0,403.0,347.0,279.0,234.0,275.0,2461.0,['-'],0
559,Mismagius (Shadow),429.0,64.9,64.6,69.6,69.0,70.9,54.0,49.2,528.0,498.0,346.0,315.0,278.0,263.0,235.0,2463.0,['-'],0
504,Weezing (Shadow),110.0,67.7,71.8,63.3,70.4,69.7,44.4,37.1,473.0,359.0,442.0,300.0,294.0,329.0,297.0,2494.0,['-'],0
634,Illumise,314.0,59.2,60.5,60.5,43.0,45.0,,,603.0,554.0,478.0,467.0,413.0,,,2515.0,['-'],0
506,Sandslash,28.0,67.5,67.4,58.9,70.7,68.8,51.8,51.6,475.0,459.0,494.0,292.0,308.0,284.0,216.0,2528.0,['-'],0
626,Volbeat,313.0,59.8,60.1,59.6,42.3,44.3,,,595.0,560.0,491.0,470.0,414.0,,,2530.0,['-'],0
578,Armaldo,348.0,63.6,67.9,69.5,64.5,66.0,55.6,46.7,547.0,441.0,350.0,369.0,337.0,246.0,260.0,2550.0,['-'],0
551,Nidoking,34.0,65.2,69.4,60.5,67.0,70.5,52.3,47.3,520.0,408.0,479.0,340.0,287.0,277.0,253.0,2564.0,['-'],0
673,Seadra,117.0,54.2,55.6,59.8,54.4,55.0,,,642.0,602.0,486.0,446.0,399.0,,,2575.0,['-'],0
531,Crobat (Shadow),169.0,66.2,64.2,61.9,70.7,72.4,50.6,43.9,500.0,506.0,467.0,290.0,255.0,292.0,277.0,2587.0,['-'],0
603,Sawsbuck,586.0,61.6,59.5,62.8,67.4,66.2,43.2,,572.0,569.0,452.0,331.0,335.0,340.0,,2599.0,['-'],0
563,Miltank,241.0,64.6,65.6,67.0,67.7,70.7,49.9,43.5,532.0,486.0,401.0,327.0,283.0,295.0,278.0,2602.0,['-'],0
645,Mesprit,481.0,58.1,59.6,60.9,59.8,,48.0,49.1,614.0,567.0,473.0,409.0,,302.0,237.0,2602.0,['-'],0
573,Grumpig,326.0,63.9,64.7,67.5,67.9,74.0,44.9,35.7,542.0,497.0,392.0,325.0,236.0,321.0,298.0,2611.0,['-'],0
604,Xatu,178.0,61.5,64.2,64.0,58.2,66.1,37.8,,573.0,508.0,436.0,415.0,336.0,364.0,,2632.0,['-'],0
585,Lunatone,337.0,62.7,65.9,68.6,64.7,72.5,45.0,37.4,554.0,482.0,370.0,366.0,252.0,320.0,294.0,2638.0,['-'],0
586,Solrock,338.0,62.7,65.9,68.6,64.7,72.5,45.0,37.4,555.0,483.0,372.0,367.0,251.0,319.0,295.0,2642.0,['-'],0
667,Audino,531.0,55.1,54.4,56.8,39.3,38.6,,,636.0,610.0,509.0,472.0,417.0,,,2644.0,['-'],0
666,Cherrim (Overcast),421.0,55.5,51.7,42.6,55.6,54.5,,,635.0,624.0,552.0,436.0,401.0,,,2648.0,['-'],0
577,Samurott,503.0,63.7,63.0,64.4,65.2,68.8,57.3,47.4,546.0,524.0,433.0,361.0,307.0,232.0,252.0,2655.0,['-'],0
605,Ambipom (Shadow),424.0,61.4,64.5,64.5,57.6,64.1,29.4,,574.0,499.0,430.0,419.0,352.0,386.0,,2660.0,['-'],0
627,Jynx,124.0,59.6,59.8,62.1,60.9,65.7,45.4,,596.0,562.0,466.0,401.0,339.0,314.0,,2678.0,['-'],0
596,Exploud,295.0,62.1,61.0,69.3,65.2,61.9,53.4,50.8,565.0,547.0,354.0,360.0,366.0,266.0,222.0,2680.0,['-'],0
534,Walrein (Shadow),365.0,66.0,64.5,64.8,64.3,65.4,52.3,45.1,503.0,500.0,426.0,370.0,342.0,279.0,273.0,2693.0,['-'],0
695,Stantler (Shadow),234.0,48.3,50.0,51.3,46.5,49.2,,,664.0,637.0,535.0,464.0,410.0,,,2710.0,['-'],0
597,Floatzel,419.0,62.0,62.2,59.8,58.2,61.1,42.7,,566.0,531.0,487.0,416.0,368.0,344.0,,2712.0,['-'],0
566,Walrein,365.0,64.5,63.3,63.3,66.5,66.3,52.4,45.1,535.0,520.0,441.0,346.0,334.0,275.0,272.0,2723.0,['-'],0
696,Stantler,234.0,47.8,49.1,49.7,44.0,48.6,,,665.0,640.0,542.0,466.0,411.0,,,2724.0,['-'],0
680,Weezing (Galarian),110.0,53.0,56.2,,55.0,58.3,34.6,31.8,649.0,600.0,,442.0,383.0,375.0,304.0,2753.0,['-'],0
613,Beheeyem,606.0,60.9,62.8,64.9,63.2,69.4,52.5,42.9,582.0,527.0,423.0,375.0,299.0,274.0,280.0,2760.0,['-'],0
609,Nidoking (Shadow),34.0,61.1,65.3,56.8,65.7,68.7,54.1,46.9,578.0,490.0,510.0,355.0,309.0,262.0,258.0,2762.0,['-'],0
595,Sandslash (Shadow),28.0,62.1,63.6,56.1,69.7,67.5,48.9,46.4,564.0,516.0,513.0,306.0,322.0,299.0,263.0,2783.0,['-'],0
535,Lilligant,549.0,65.9,69.2,65.3,65.1,47.9,32.9,30.4,504.0,412.0,422.0,363.0,412.0,380.0,305.0,2798.0,['-'],0
677,Azelf,482.0,53.4,55.6,58.3,49.9,,43.3,43.5,646.0,603.0,501.0,457.0,,337.0,279.0,2823.0,['-'],0
638,Ambipom,424.0,58.8,61.0,59.4,56.2,61.5,31.0,,607.0,546.0,492.0,431.0,367.0,384.0,,2827.0,['-'],0
631,Musharna,518.0,59.3,60.7,66.3,61.4,68.1,49.3,42.2,600.0,551.0,408.0,395.0,314.0,297.0,283.0,2848.0,['-'],0
643,Octillery,224.0,58.2,60.1,56.9,57.3,59.9,35.4,,612.0,561.0,508.0,422.0,378.0,373.0,,2854.0,['-'],0
615,Clawitzer,693.0,60.6,61.8,60.7,61.9,64.2,53.6,46.0,584.0,535.0,476.0,389.0,350.0,265.0,264.0,2863.0,['-'],0
610,Noivern,715.0,61.1,60.3,58.5,62.1,69.4,50.7,40.7,579.0,558.0,498.0,387.0,300.0,291.0,285.0,2898.0,['-'],0
684,Salamence (Shadow),373.0,51.3,53.4,53.4,56.0,60.8,69.1,57.7,653.0,618.0,527.0,434.0,372.0,128.0,172.0,2904.0,['-'],0
681,Deoxys (Speed),386.0,52.7,52.7,55.2,49.6,,35.9,37.7,650.0,621.0,516.0,459.0,,371.0,292.0,2909.0,['-'],0
608,Sawk,539.0,61.2,65.1,60.1,56.3,63.0,48.1,40.2,577.0,493.0,483.0,429.0,361.0,301.0,287.0,2931.0,['-'],0
665,Gorebyss,368.0,55.6,56.8,52.5,54.7,58.3,37.2,,634.0,594.0,532.0,444.0,382.0,367.0,,2953.0,['-'],0
628,Sigilyph,561.0,59.6,62.5,62.7,59.0,65.2,44.7,34.8,597.0,529.0,454.0,412.0,343.0,324.0,299.0,2958.0,['-'],0
659,Flareon,136.0,56.4,56.8,54.1,60.0,62.2,54.7,47.5,628.0,593.0,524.0,407.0,364.0,254.0,250.0,3020.0,['-'],0
686,Accelgor,617.0,50.6,51.2,51.4,56.3,57.1,28.3,,655.0,627.0,534.0,430.0,388.0,387.0,,3021.0,['-'],0
706,Slaking,289.0,28.8,28.3,30.8,32.2,33.3,67.4,63.1,675.0,653.0,555.0,473.0,418.0,147.0,133.0,3054.0,['-'],0
674,Vanilluxe,584.0,54.1,55.3,58.5,56.4,58.4,52.0,49.2,643.0,606.0,499.0,428.0,381.0,280.0,236.0,3073.0,['-'],0
652,Starmie,121.0,57.2,59.3,56.4,56.9,61.0,43.8,39.5,621.0,573.0,511.0,423.0,370.0,334.0,289.0,3121.0,['-'],0
699,Lopunny,428.0,45.9,46.4,44.8,41.2,42.9,27.6,,668.0,647.0,549.0,471.0,415.0,388.0,,3138.0,['-'],0
679,Espeon,196.0,53.3,55.3,58.0,50.8,57.8,51.8,45.4,648.0,605.0,504.0,455.0,385.0,283.0,269.0,3149.0,['-'],0
644,Runerigus,867.0,58.1,59.7,58.4,56.1,60.2,37.5,34.4,613.0,565.0,500.0,432.0,374.0,366.0,301.0,3151.0,['-'],0
647,Throh,538.0,57.6,58.9,51.2,56.6,59.4,42.8,38.0,616.0,580.0,536.0,424.0,380.0,342.0,291.0,3169.0,['-'],0
660,Cofagrigus,563.0,56.1,57.0,58.8,57.7,60.1,36.1,30.0,629.0,591.0,495.0,418.0,375.0,370.0,306.0,3184.0,['-'],0
698,Reuniclus,579.0,46.5,48.6,42.6,52.0,57.3,46.7,38.8,667.0,642.0,554.0,453.0,387.0,310.0,290.0,3303.0,['-'],0
690,Tauros,128.0,50.0,50.2,50.3,50.8,54.0,43.6,37.7,659.0,636.0,539.0,456.0,402.0,336.0,293.0,3321.0,['-'],0
683,Hitmonlee (Shadow),106.0,51.3,53.7,45.1,45.8,49.6,37.7,34.6,652.0,616.0,548.0,465.0,409.0,365.0,300.0,3355.0,['-'],0
691,Hitmonlee,106.0,49.1,51.5,42.6,46.6,50.2,36.7,32.3,660.0,626.0,553.0,463.0,408.0,368.0,303.0,3381.0,['-'],0
