#,Name,Shadow,XL,#,Type 1,Type 2,Total,HP,Attack,Defense,Sp. Atk,Sp. Def,Speed,Generation,Legendary,Released_2021_03_13
1,Bulbasaur,Bulbasaur (Shadow),Bulbasaur (XL),1,Grass,Poison,318,45,49,49,65,65,45,1,FALSE,TRUE
2,Ivysaur,Ivysaur (Shadow),Ivysaur (XL),2,Grass,Poison,405,60,62,63,80,80,60,1,FALSE,TRUE
3,Venusaur,Venusaur (Shadow),Venusaur (XL),3,Grass,Poison,525,80,82,83,100,100,80,1,FALSE,TRUE
3,VenusaurMega Venusaur,VenusaurMega Venusaur (Shadow),VenusaurMega Venusaur (XL),3,Grass,Poison,625,80,100,123,122,120,80,1,FALSE,TRUE
4,Charmander,Charmander (Shadow),Charmander (XL),4,Fire,,309,39,52,43,60,50,65,1,FALSE,TRUE
5,Charmeleon,Charmeleon (Shadow),Charmeleon (XL),5,Fire,,405,58,64,58,80,65,80,1,FALSE,TRUE
6,Charizard,Charizard (Shadow),Charizard (XL),6,Fire,Flying,534,78,84,78,109,85,100,1,FALSE,TRUE
6,CharizardMega Charizard X,CharizardMega Charizard X (Shadow),CharizardMega Charizard X (XL),6,Fire,Dragon,634,78,130,111,130,85,100,1,FALSE,TRUE
6,CharizardMega Charizard Y,CharizardMega Charizard Y (Shadow),CharizardMega Charizard Y (XL),6,Fire,Flying,634,78,104,78,159,115,100,1,FALSE,TRUE
7,Squirtle,Squirtle (Shadow),Squirtle (XL),7,Water,,314,44,48,65,50,64,43,1,FALSE,TRUE
8,Wartortle,Wartortle (Shadow),Wartortle (XL),8,Water,,405,59,63,80,65,80,58,1,FALSE,TRUE
9,Blastoise,Blastoise (Shadow),Blastoise (XL),9,Water,,530,79,83,100,85,105,78,1,FALSE,TRUE
9,BlastoiseMega Blastoise,BlastoiseMega Blastoise (Shadow),BlastoiseMega Blastoise (XL),9,Water,,630,79,103,120,135,115,78,1,FALSE,TRUE
10,Caterpie,Caterpie (Shadow),Caterpie (XL),10,Bug,,195,45,30,35,20,20,45,1,FALSE,TRUE
11,Metapod,Metapod (Shadow),Metapod (XL),11,Bug,,205,50,20,55,25,25,30,1,FALSE,TRUE
12,Butterfree,Butterfree (Shadow),Butterfree (XL),12,Bug,Flying,395,60,45,50,90,80,70,1,FALSE,TRUE
13,Weedle,Weedle (Shadow),Weedle (XL),13,Bug,Poison,195,40,35,30,20,20,50,1,FALSE,TRUE
14,Kakuna,Kakuna (Shadow),Kakuna (XL),14,Bug,Poison,205,45,25,50,25,25,35,1,FALSE,TRUE
15,Beedrill,Beedrill (Shadow),Beedrill (XL),15,Bug,Poison,395,65,90,40,45,80,75,1,FALSE,TRUE
15,BeedrillMega Beedrill,BeedrillMega Beedrill (Shadow),BeedrillMega Beedrill (XL),15,Bug,Poison,495,65,150,40,15,80,145,1,FALSE,TRUE
16,Pidgey,Pidgey (Shadow),Pidgey (XL),16,Normal,Flying,251,40,45,40,35,35,56,1,FALSE,TRUE
17,Pidgeotto,Pidgeotto (Shadow),Pidgeotto (XL),17,Normal,Flying,349,63,60,55,50,50,71,1,FALSE,TRUE
18,Pidgeot,Pidgeot (Shadow),Pidgeot (XL),18,Normal,Flying,479,83,80,75,70,70,101,1,FALSE,TRUE
18,PidgeotMega Pidgeot,PidgeotMega Pidgeot (Shadow),PidgeotMega Pidgeot (XL),18,Normal,Flying,579,83,80,80,135,80,121,1,FALSE,TRUE
19,Rattata,Rattata (Shadow),Rattata (XL),19,Normal,,253,30,56,35,25,35,72,1,FALSE,TRUE
20,Raticate,Raticate (Shadow),Raticate (XL),20,Normal,,413,55,81,60,50,70,97,1,FALSE,TRUE
21,Spearow,Spearow (Shadow),Spearow (XL),21,Normal,Flying,262,40,60,30,31,31,70,1,FALSE,TRUE
22,Fearow,Fearow (Shadow),Fearow (XL),22,Normal,Flying,442,65,90,65,61,61,100,1,FALSE,TRUE
23,Ekans,Ekans (Shadow),Ekans (XL),23,Poison,,288,35,60,44,40,54,55,1,FALSE,TRUE
24,Arbok,Arbok (Shadow),Arbok (XL),24,Poison,,438,60,85,69,65,79,80,1,FALSE,TRUE
25,Pikachu,Pikachu (Shadow),Pikachu (XL),25,Electric,,320,35,55,40,50,50,90,1,FALSE,TRUE
26,Raichu,Raichu (Shadow),Raichu (XL),26,Electric,,485,60,90,55,90,80,110,1,FALSE,TRUE
27,Sandshrew,Sandshrew (Shadow),Sandshrew (XL),27,Ground,,300,50,75,85,20,30,40,1,FALSE,TRUE
28,Sandslash,Sandslash (Shadow),Sandslash (XL),28,Ground,,450,75,100,110,45,55,65,1,FALSE,TRUE
29,Nidoran♀,Nidoran♀ (Shadow),Nidoran♀ (XL),29,Poison,,275,55,47,52,40,40,41,1,FALSE,TRUE
30,Nidorina,Nidorina (Shadow),Nidorina (XL),30,Poison,,365,70,62,67,55,55,56,1,FALSE,TRUE
31,Nidoqueen,Nidoqueen (Shadow),Nidoqueen (XL),31,Poison,Ground,505,90,92,87,75,85,76,1,FALSE,TRUE
32,Nidoran♂,Nidoran♂ (Shadow),Nidoran♂ (XL),32,Poison,,273,46,57,40,40,40,50,1,FALSE,TRUE
33,Nidorino,Nidorino (Shadow),Nidorino (XL),33,Poison,,365,61,72,57,55,55,65,1,FALSE,TRUE
34,Nidoking,Nidoking (Shadow),Nidoking (XL),34,Poison,Ground,505,81,102,77,85,75,85,1,FALSE,TRUE
35,Clefairy,Clefairy (Shadow),Clefairy (XL),35,Fairy,,323,70,45,48,60,65,35,1,FALSE,TRUE
36,Clefable,Clefable (Shadow),Clefable (XL),36,Fairy,,483,95,70,73,95,90,60,1,FALSE,TRUE
37,Vulpix,Vulpix (Shadow),Vulpix (XL),37,Fire,,299,38,41,40,50,65,65,1,FALSE,TRUE
38,Ninetales,Ninetales (Shadow),Ninetales (XL),38,Fire,,505,73,76,75,81,100,100,1,FALSE,TRUE
39,Jigglypuff,Jigglypuff (Shadow),Jigglypuff (XL),39,Normal,Fairy,270,115,45,20,45,25,20,1,FALSE,TRUE
40,Wigglytuff,Wigglytuff (Shadow),Wigglytuff (XL),40,Normal,Fairy,435,140,70,45,85,50,45,1,FALSE,TRUE
41,Zubat,Zubat (Shadow),Zubat (XL),41,Poison,Flying,245,40,45,35,30,40,55,1,FALSE,TRUE
42,Golbat,Golbat (Shadow),Golbat (XL),42,Poison,Flying,455,75,80,70,65,75,90,1,FALSE,TRUE
43,Oddish,Oddish (Shadow),Oddish (XL),43,Grass,Poison,320,45,50,55,75,65,30,1,FALSE,TRUE
44,Gloom,Gloom (Shadow),Gloom (XL),44,Grass,Poison,395,60,65,70,85,75,40,1,FALSE,TRUE
45,Vileplume,Vileplume (Shadow),Vileplume (XL),45,Grass,Poison,490,75,80,85,110,90,50,1,FALSE,TRUE
46,Paras,Paras (Shadow),Paras (XL),46,Bug,Grass,285,35,70,55,45,55,25,1,FALSE,TRUE
47,Parasect,Parasect (Shadow),Parasect (XL),47,Bug,Grass,405,60,95,80,60,80,30,1,FALSE,TRUE
48,Venonat,Venonat (Shadow),Venonat (XL),48,Bug,Poison,305,60,55,50,40,55,45,1,FALSE,TRUE
49,Venomoth,Venomoth (Shadow),Venomoth (XL),49,Bug,Poison,450,70,65,60,90,75,90,1,FALSE,TRUE
50,Diglett,Diglett (Shadow),Diglett (XL),50,Ground,,265,10,55,25,35,45,95,1,FALSE,TRUE
51,Dugtrio,Dugtrio (Shadow),Dugtrio (XL),51,Ground,,405,35,80,50,50,70,120,1,FALSE,TRUE
52,Meowth,Meowth (Shadow),Meowth (XL),52,Normal,,290,40,45,35,40,40,90,1,FALSE,TRUE
53,Persian,Persian (Shadow),Persian (XL),53,Normal,,440,65,70,60,65,65,115,1,FALSE,TRUE
54,Psyduck,Psyduck (Shadow),Psyduck (XL),54,Water,,320,50,52,48,65,50,55,1,FALSE,TRUE
55,Golduck,Golduck (Shadow),Golduck (XL),55,Water,,500,80,82,78,95,80,85,1,FALSE,TRUE
56,Mankey,Mankey (Shadow),Mankey (XL),56,Fighting,,305,40,80,35,35,45,70,1,FALSE,TRUE
57,Primeape,Primeape (Shadow),Primeape (XL),57,Fighting,,455,65,105,60,60,70,95,1,FALSE,TRUE
58,Growlithe,Growlithe (Shadow),Growlithe (XL),58,Fire,,350,55,70,45,70,50,60,1,FALSE,TRUE
59,Arcanine,Arcanine (Shadow),Arcanine (XL),59,Fire,,555,90,110,80,100,80,95,1,FALSE,TRUE
60,Poliwag,Poliwag (Shadow),Poliwag (XL),60,Water,,300,40,50,40,40,40,90,1,FALSE,TRUE
61,Poliwhirl,Poliwhirl (Shadow),Poliwhirl (XL),61,Water,,385,65,65,65,50,50,90,1,FALSE,TRUE
62,Poliwrath,Poliwrath (Shadow),Poliwrath (XL),62,Water,Fighting,510,90,95,95,70,90,70,1,FALSE,TRUE
63,Abra,Abra (Shadow),Abra (XL),63,Psychic,,310,25,20,15,105,55,90,1,FALSE,TRUE
64,Kadabra,Kadabra (Shadow),Kadabra (XL),64,Psychic,,400,40,35,30,120,70,105,1,FALSE,TRUE
65,Alakazam,Alakazam (Shadow),Alakazam (XL),65,Psychic,,500,55,50,45,135,95,120,1,FALSE,TRUE
65,AlakazamMega Alakazam,AlakazamMega Alakazam (Shadow),AlakazamMega Alakazam (XL),65,Psychic,,590,55,50,65,175,95,150,1,FALSE,TRUE
66,Machop,Machop (Shadow),Machop (XL),66,Fighting,,305,70,80,50,35,35,35,1,FALSE,TRUE
67,Machoke,Machoke (Shadow),Machoke (XL),67,Fighting,,405,80,100,70,50,60,45,1,FALSE,TRUE
68,Machamp,Machamp (Shadow),Machamp (XL),68,Fighting,,505,90,130,80,65,85,55,1,FALSE,TRUE
69,Bellsprout,Bellsprout (Shadow),Bellsprout (XL),69,Grass,Poison,300,50,75,35,70,30,40,1,FALSE,TRUE
70,Weepinbell,Weepinbell (Shadow),Weepinbell (XL),70,Grass,Poison,390,65,90,50,85,45,55,1,FALSE,TRUE
71,Victreebel,Victreebel (Shadow),Victreebel (XL),71,Grass,Poison,490,80,105,65,100,70,70,1,FALSE,TRUE
72,Tentacool,Tentacool (Shadow),Tentacool (XL),72,Water,Poison,335,40,40,35,50,100,70,1,FALSE,TRUE
73,Tentacruel,Tentacruel (Shadow),Tentacruel (XL),73,Water,Poison,515,80,70,65,80,120,100,1,FALSE,TRUE
74,Geodude,Geodude (Shadow),Geodude (XL),74,Rock,Ground,300,40,80,100,30,30,20,1,FALSE,TRUE
75,Graveler,Graveler (Shadow),Graveler (XL),75,Rock,Ground,390,55,95,115,45,45,35,1,FALSE,TRUE
76,Golem,Golem (Shadow),Golem (XL),76,Rock,Ground,495,80,120,130,55,65,45,1,FALSE,TRUE
77,Ponyta,Ponyta (Shadow),Ponyta (XL),77,Fire,,410,50,85,55,65,65,90,1,FALSE,TRUE
78,Rapidash,Rapidash (Shadow),Rapidash (XL),78,Fire,,500,65,100,70,80,80,105,1,FALSE,TRUE
79,Slowpoke,Slowpoke (Shadow),Slowpoke (XL),79,Water,Psychic,315,90,65,65,40,40,15,1,FALSE,TRUE
80,Slowbro,Slowbro (Shadow),Slowbro (XL),80,Water,Psychic,490,95,75,110,100,80,30,1,FALSE,TRUE
80,SlowbroMega Slowbro,SlowbroMega Slowbro (Shadow),SlowbroMega Slowbro (XL),80,Water,Psychic,590,95,75,180,130,80,30,1,FALSE,TRUE
81,Magnemite,Magnemite (Shadow),Magnemite (XL),81,Electric,Steel,325,25,35,70,95,55,45,1,FALSE,TRUE
82,Magneton,Magneton (Shadow),Magneton (XL),82,Electric,Steel,465,50,60,95,120,70,70,1,FALSE,TRUE
83,Farfetch'd,Farfetch'd (Shadow),Farfetch'd (XL),83,Normal,Flying,352,52,65,55,58,62,60,1,FALSE,TRUE
84,Doduo,Doduo (Shadow),Doduo (XL),84,Normal,Flying,310,35,85,45,35,35,75,1,FALSE,TRUE
85,Dodrio,Dodrio (Shadow),Dodrio (XL),85,Normal,Flying,460,60,110,70,60,60,100,1,FALSE,TRUE
86,Seel,Seel (Shadow),Seel (XL),86,Water,,325,65,45,55,45,70,45,1,FALSE,TRUE
87,Dewgong,Dewgong (Shadow),Dewgong (XL),87,Water,Ice,475,90,70,80,70,95,70,1,FALSE,TRUE
88,Grimer,Grimer (Shadow),Grimer (XL),88,Poison,,325,80,80,50,40,50,25,1,FALSE,TRUE
89,Muk,Muk (Shadow),Muk (XL),89,Poison,,500,105,105,75,65,100,50,1,FALSE,TRUE
90,Shellder,Shellder (Shadow),Shellder (XL),90,Water,,305,30,65,100,45,25,40,1,FALSE,TRUE
91,Cloyster,Cloyster (Shadow),Cloyster (XL),91,Water,Ice,525,50,95,180,85,45,70,1,FALSE,TRUE
92,Gastly,Gastly (Shadow),Gastly (XL),92,Ghost,Poison,310,30,35,30,100,35,80,1,FALSE,TRUE
93,Haunter,Haunter (Shadow),Haunter (XL),93,Ghost,Poison,405,45,50,45,115,55,95,1,FALSE,TRUE
94,Gengar,Gengar (Shadow),Gengar (XL),94,Ghost,Poison,500,60,65,60,130,75,110,1,FALSE,TRUE
94,GengarMega Gengar,GengarMega Gengar (Shadow),GengarMega Gengar (XL),94,Ghost,Poison,600,60,65,80,170,95,130,1,FALSE,TRUE
95,Onix,Onix (Shadow),Onix (XL),95,Rock,Ground,385,35,45,160,30,45,70,1,FALSE,TRUE
96,Drowzee,Drowzee (Shadow),Drowzee (XL),96,Psychic,,328,60,48,45,43,90,42,1,FALSE,TRUE
97,Hypno,Hypno (Shadow),Hypno (XL),97,Psychic,,483,85,73,70,73,115,67,1,FALSE,TRUE
98,Krabby,Krabby (Shadow),Krabby (XL),98,Water,,325,30,105,90,25,25,50,1,FALSE,TRUE
99,Kingler,Kingler (Shadow),Kingler (XL),99,Water,,475,55,130,115,50,50,75,1,FALSE,TRUE
100,Voltorb,Voltorb (Shadow),Voltorb (XL),100,Electric,,330,40,30,50,55,55,100,1,FALSE,TRUE
101,Electrode,Electrode (Shadow),Electrode (XL),101,Electric,,480,60,50,70,80,80,140,1,FALSE,TRUE
102,Exeggcute,Exeggcute (Shadow),Exeggcute (XL),102,Grass,Psychic,325,60,40,80,60,45,40,1,FALSE,TRUE
103,Exeggutor,Exeggutor (Shadow),Exeggutor (XL),103,Grass,Psychic,520,95,95,85,125,65,55,1,FALSE,TRUE
104,Cubone,Cubone (Shadow),Cubone (XL),104,Ground,,320,50,50,95,40,50,35,1,FALSE,TRUE
105,Marowak,Marowak (Shadow),Marowak (XL),105,Ground,,425,60,80,110,50,80,45,1,FALSE,TRUE
106,Hitmonlee,Hitmonlee (Shadow),Hitmonlee (XL),106,Fighting,,455,50,120,53,35,110,87,1,FALSE,TRUE
107,Hitmonchan,Hitmonchan (Shadow),Hitmonchan (XL),107,Fighting,,455,50,105,79,35,110,76,1,FALSE,TRUE
108,Lickitung,Lickitung (Shadow),Lickitung (XL),108,Normal,,385,90,55,75,60,75,30,1,FALSE,TRUE
109,Koffing,Koffing (Shadow),Koffing (XL),109,Poison,,340,40,65,95,60,45,35,1,FALSE,TRUE
110,Weezing,Weezing (Shadow),Weezing (XL),110,Poison,,490,65,90,120,85,70,60,1,FALSE,TRUE
111,Rhyhorn,Rhyhorn (Shadow),Rhyhorn (XL),111,Ground,Rock,345,80,85,95,30,30,25,1,FALSE,TRUE
112,Rhydon,Rhydon (Shadow),Rhydon (XL),112,Ground,Rock,485,105,130,120,45,45,40,1,FALSE,TRUE
113,Chansey,Chansey (Shadow),Chansey (XL),113,Normal,,450,250,5,5,35,105,50,1,FALSE,TRUE
114,Tangela,Tangela (Shadow),Tangela (XL),114,Grass,,435,65,55,115,100,40,60,1,FALSE,TRUE
115,Kangaskhan,Kangaskhan (Shadow),Kangaskhan (XL),115,Normal,,490,105,95,80,40,80,90,1,FALSE,TRUE
115,KangaskhanMega Kangaskhan,KangaskhanMega Kangaskhan (Shadow),KangaskhanMega Kangaskhan (XL),115,Normal,,590,105,125,100,60,100,100,1,FALSE,TRUE
116,Horsea,Horsea (Shadow),Horsea (XL),116,Water,,295,30,40,70,70,25,60,1,FALSE,TRUE
117,Seadra,Seadra (Shadow),Seadra (XL),117,Water,,440,55,65,95,95,45,85,1,FALSE,TRUE
118,Goldeen,Goldeen (Shadow),Goldeen (XL),118,Water,,320,45,67,60,35,50,63,1,FALSE,TRUE
119,Seaking,Seaking (Shadow),Seaking (XL),119,Water,,450,80,92,65,65,80,68,1,FALSE,TRUE
120,Staryu,Staryu (Shadow),Staryu (XL),120,Water,,340,30,45,55,70,55,85,1,FALSE,TRUE
121,Starmie,Starmie (Shadow),Starmie (XL),121,Water,Psychic,520,60,75,85,100,85,115,1,FALSE,TRUE
122,Mr. Mime,Mr. Mime (Shadow),Mr. Mime (XL),122,Psychic,Fairy,460,40,45,65,100,120,90,1,FALSE,TRUE
123,Scyther,Scyther (Shadow),Scyther (XL),123,Bug,Flying,500,70,110,80,55,80,105,1,FALSE,TRUE
124,Jynx,Jynx (Shadow),Jynx (XL),124,Ice,Psychic,455,65,50,35,115,95,95,1,FALSE,TRUE
125,Electabuzz,Electabuzz (Shadow),Electabuzz (XL),125,Electric,,490,65,83,57,95,85,105,1,FALSE,TRUE
126,Magmar,Magmar (Shadow),Magmar (XL),126,Fire,,495,65,95,57,100,85,93,1,FALSE,TRUE
127,Pinsir,Pinsir (Shadow),Pinsir (XL),127,Bug,,500,65,125,100,55,70,85,1,FALSE,TRUE
127,PinsirMega Pinsir,PinsirMega Pinsir (Shadow),PinsirMega Pinsir (XL),127,Bug,Flying,600,65,155,120,65,90,105,1,FALSE,TRUE
128,Tauros,Tauros (Shadow),Tauros (XL),128,Normal,,490,75,100,95,40,70,110,1,FALSE,TRUE
129,Magikarp,Magikarp (Shadow),Magikarp (XL),129,Water,,200,20,10,55,15,20,80,1,FALSE,TRUE
130,Gyarados,Gyarados (Shadow),Gyarados (XL),130,Water,Flying,540,95,125,79,60,100,81,1,FALSE,TRUE
130,GyaradosMega Gyarados,GyaradosMega Gyarados (Shadow),GyaradosMega Gyarados (XL),130,Water,Dark,640,95,155,109,70,130,81,1,FALSE,TRUE
131,Lapras,Lapras (Shadow),Lapras (XL),131,Water,Ice,535,130,85,80,85,95,60,1,FALSE,TRUE
132,Ditto,Ditto (Shadow),Ditto (XL),132,Normal,,288,48,48,48,48,48,48,1,FALSE,TRUE
133,Eevee,Eevee (Shadow),Eevee (XL),133,Normal,,325,55,55,50,45,65,55,1,FALSE,TRUE
134,Vaporeon,Vaporeon (Shadow),Vaporeon (XL),134,Water,,525,130,65,60,110,95,65,1,FALSE,TRUE
135,Jolteon,Jolteon (Shadow),Jolteon (XL),135,Electric,,525,65,65,60,110,95,130,1,FALSE,TRUE
136,Flareon,Flareon (Shadow),Flareon (XL),136,Fire,,525,65,130,60,95,110,65,1,FALSE,TRUE
137,Porygon,Porygon (Shadow),Porygon (XL),137,Normal,,395,65,60,70,85,75,40,1,FALSE,TRUE
138,Omanyte,Omanyte (Shadow),Omanyte (XL),138,Rock,Water,355,35,40,100,90,55,35,1,FALSE,TRUE
139,Omastar,Omastar (Shadow),Omastar (XL),139,Rock,Water,495,70,60,125,115,70,55,1,FALSE,TRUE
140,Kabuto,Kabuto (Shadow),Kabuto (XL),140,Rock,Water,355,30,80,90,55,45,55,1,FALSE,TRUE
141,Kabutops,Kabutops (Shadow),Kabutops (XL),141,Rock,Water,495,60,115,105,65,70,80,1,FALSE,TRUE
142,Aerodactyl,Aerodactyl (Shadow),Aerodactyl (XL),142,Rock,Flying,515,80,105,65,60,75,130,1,FALSE,TRUE
142,AerodactylMega Aerodactyl,AerodactylMega Aerodactyl (Shadow),AerodactylMega Aerodactyl (XL),142,Rock,Flying,615,80,135,85,70,95,150,1,FALSE,TRUE
143,Snorlax,Snorlax (Shadow),Snorlax (XL),143,Normal,,540,160,110,65,65,110,30,1,FALSE,TRUE
144,Articuno,Articuno (Shadow),Articuno (XL),144,Ice,Flying,580,90,85,100,95,125,85,1,TRUE,TRUE
145,Zapdos,Zapdos (Shadow),Zapdos (XL),145,Electric,Flying,580,90,90,85,125,90,100,1,TRUE,TRUE
146,Moltres,Moltres (Shadow),Moltres (XL),146,Fire,Flying,580,90,100,90,125,85,90,1,TRUE,TRUE
147,Dratini,Dratini (Shadow),Dratini (XL),147,Dragon,,300,41,64,45,50,50,50,1,FALSE,TRUE
148,Dragonair,Dragonair (Shadow),Dragonair (XL),148,Dragon,,420,61,84,65,70,70,70,1,FALSE,TRUE
149,Dragonite,Dragonite (Shadow),Dragonite (XL),149,Dragon,Flying,600,91,134,95,100,100,80,1,FALSE,TRUE
150,Mewtwo,Mewtwo (Shadow),Mewtwo (XL),150,Psychic,,680,106,110,90,154,90,130,1,TRUE,TRUE
150,MewtwoMega Mewtwo X,MewtwoMega Mewtwo X (Shadow),MewtwoMega Mewtwo X (XL),150,Psychic,Fighting,780,106,190,100,154,100,130,1,TRUE,TRUE
150,MewtwoMega Mewtwo Y,MewtwoMega Mewtwo Y (Shadow),MewtwoMega Mewtwo Y (XL),150,Psychic,,780,106,150,70,194,120,140,1,TRUE,TRUE
151,Mew,Mew (Shadow),Mew (XL),151,Psychic,,600,100,100,100,100,100,100,1,FALSE,TRUE
152,Chikorita,Chikorita (Shadow),Chikorita (XL),152,Grass,,318,45,49,65,49,65,45,2,FALSE,TRUE
153,Bayleef,Bayleef (Shadow),Bayleef (XL),153,Grass,,405,60,62,80,63,80,60,2,FALSE,TRUE
154,Meganium,Meganium (Shadow),Meganium (XL),154,Grass,,525,80,82,100,83,100,80,2,FALSE,TRUE
155,Cyndaquil,Cyndaquil (Shadow),Cyndaquil (XL),155,Fire,,309,39,52,43,60,50,65,2,FALSE,TRUE
156,Quilava,Quilava (Shadow),Quilava (XL),156,Fire,,405,58,64,58,80,65,80,2,FALSE,TRUE
157,Typhlosion,Typhlosion (Shadow),Typhlosion (XL),157,Fire,,534,78,84,78,109,85,100,2,FALSE,TRUE
158,Totodile,Totodile (Shadow),Totodile (XL),158,Water,,314,50,65,64,44,48,43,2,FALSE,TRUE
159,Croconaw,Croconaw (Shadow),Croconaw (XL),159,Water,,405,65,80,80,59,63,58,2,FALSE,TRUE
160,Feraligatr,Feraligatr (Shadow),Feraligatr (XL),160,Water,,530,85,105,100,79,83,78,2,FALSE,TRUE
161,Sentret,Sentret (Shadow),Sentret (XL),161,Normal,,215,35,46,34,35,45,20,2,FALSE,TRUE
162,Furret,Furret (Shadow),Furret (XL),162,Normal,,415,85,76,64,45,55,90,2,FALSE,TRUE
163,Hoothoot,Hoothoot (Shadow),Hoothoot (XL),163,Normal,Flying,262,60,30,30,36,56,50,2,FALSE,TRUE
164,Noctowl,Noctowl (Shadow),Noctowl (XL),164,Normal,Flying,442,100,50,50,76,96,70,2,FALSE,TRUE
165,Ledyba,Ledyba (Shadow),Ledyba (XL),165,Bug,Flying,265,40,20,30,40,80,55,2,FALSE,TRUE
166,Ledian,Ledian (Shadow),Ledian (XL),166,Bug,Flying,390,55,35,50,55,110,85,2,FALSE,TRUE
167,Spinarak,Spinarak (Shadow),Spinarak (XL),167,Bug,Poison,250,40,60,40,40,40,30,2,FALSE,TRUE
168,Ariados,Ariados (Shadow),Ariados (XL),168,Bug,Poison,390,70,90,70,60,60,40,2,FALSE,TRUE
169,Crobat,Crobat (Shadow),Crobat (XL),169,Poison,Flying,535,85,90,80,70,80,130,2,FALSE,TRUE
170,Chinchou,Chinchou (Shadow),Chinchou (XL),170,Water,Electric,330,75,38,38,56,56,67,2,FALSE,TRUE
171,Lanturn,Lanturn (Shadow),Lanturn (XL),171,Water,Electric,460,125,58,58,76,76,67,2,FALSE,TRUE
172,Pichu,Pichu (Shadow),Pichu (XL),172,Electric,,205,20,40,15,35,35,60,2,FALSE,TRUE
173,Cleffa,Cleffa (Shadow),Cleffa (XL),173,Fairy,,218,50,25,28,45,55,15,2,FALSE,TRUE
174,Igglybuff,Igglybuff (Shadow),Igglybuff (XL),174,Normal,Fairy,210,90,30,15,40,20,15,2,FALSE,TRUE
175,Togepi,Togepi (Shadow),Togepi (XL),175,Fairy,,245,35,20,65,40,65,20,2,FALSE,TRUE
176,Togetic,Togetic (Shadow),Togetic (XL),176,Fairy,Flying,405,55,40,85,80,105,40,2,FALSE,TRUE
177,Natu,Natu (Shadow),Natu (XL),177,Psychic,Flying,320,40,50,45,70,45,70,2,FALSE,TRUE
178,Xatu,Xatu (Shadow),Xatu (XL),178,Psychic,Flying,470,65,75,70,95,70,95,2,FALSE,TRUE
179,Mareep,Mareep (Shadow),Mareep (XL),179,Electric,,280,55,40,40,65,45,35,2,FALSE,TRUE
180,Flaaffy,Flaaffy (Shadow),Flaaffy (XL),180,Electric,,365,70,55,55,80,60,45,2,FALSE,TRUE
181,Ampharos,Ampharos (Shadow),Ampharos (XL),181,Electric,,510,90,75,85,115,90,55,2,FALSE,TRUE
181,AmpharosMega Ampharos,AmpharosMega Ampharos (Shadow),AmpharosMega Ampharos (XL),181,Electric,Dragon,610,90,95,105,165,110,45,2,FALSE,TRUE
182,Bellossom,Bellossom (Shadow),Bellossom (XL),182,Grass,,490,75,80,95,90,100,50,2,FALSE,TRUE
183,Marill,Marill (Shadow),Marill (XL),183,Water,Fairy,250,70,20,50,20,50,40,2,FALSE,TRUE
184,Azumarill,Azumarill (Shadow),Azumarill (XL),184,Water,Fairy,420,100,50,80,60,80,50,2,FALSE,TRUE
185,Sudowoodo,Sudowoodo (Shadow),Sudowoodo (XL),185,Rock,,410,70,100,115,30,65,30,2,FALSE,TRUE
186,Politoed,Politoed (Shadow),Politoed (XL),186,Water,,500,90,75,75,90,100,70,2,FALSE,TRUE
187,Hoppip,Hoppip (Shadow),Hoppip (XL),187,Grass,Flying,250,35,35,40,35,55,50,2,FALSE,TRUE
188,Skiploom,Skiploom (Shadow),Skiploom (XL),188,Grass,Flying,340,55,45,50,45,65,80,2,FALSE,TRUE
189,Jumpluff,Jumpluff (Shadow),Jumpluff (XL),189,Grass,Flying,460,75,55,70,55,95,110,2,FALSE,TRUE
190,Aipom,Aipom (Shadow),Aipom (XL),190,Normal,,360,55,70,55,40,55,85,2,FALSE,TRUE
191,Sunkern,Sunkern (Shadow),Sunkern (XL),191,Grass,,180,30,30,30,30,30,30,2,FALSE,TRUE
192,Sunflora,Sunflora (Shadow),Sunflora (XL),192,Grass,,425,75,75,55,105,85,30,2,FALSE,TRUE
193,Yanma,Yanma (Shadow),Yanma (XL),193,Bug,Flying,390,65,65,45,75,45,95,2,FALSE,TRUE
194,Wooper,Wooper (Shadow),Wooper (XL),194,Water,Ground,210,55,45,45,25,25,15,2,FALSE,TRUE
195,Quagsire,Quagsire (Shadow),Quagsire (XL),195,Water,Ground,430,95,85,85,65,65,35,2,FALSE,TRUE
196,Espeon,Espeon (Shadow),Espeon (XL),196,Psychic,,525,65,65,60,130,95,110,2,FALSE,TRUE
197,Umbreon,Umbreon (Shadow),Umbreon (XL),197,Dark,,525,95,65,110,60,130,65,2,FALSE,TRUE
198,Murkrow,Murkrow (Shadow),Murkrow (XL),198,Dark,Flying,405,60,85,42,85,42,91,2,FALSE,TRUE
199,Slowking,Slowking (Shadow),Slowking (XL),199,Water,Psychic,490,95,75,80,100,110,30,2,FALSE,TRUE
200,Misdreavus,Misdreavus (Shadow),Misdreavus (XL),200,Ghost,,435,60,60,60,85,85,85,2,FALSE,TRUE
201,Unown,Unown (Shadow),Unown (XL),201,Psychic,,336,48,72,48,72,48,48,2,FALSE,TRUE
202,Wobbuffet,Wobbuffet (Shadow),Wobbuffet (XL),202,Psychic,,405,190,33,58,33,58,33,2,FALSE,TRUE
203,Girafarig,Girafarig (Shadow),Girafarig (XL),203,Normal,Psychic,455,70,80,65,90,65,85,2,FALSE,TRUE
204,Pineco,Pineco (Shadow),Pineco (XL),204,Bug,,290,50,65,90,35,35,15,2,FALSE,TRUE
205,Forretress,Forretress (Shadow),Forretress (XL),205,Bug,Steel,465,75,90,140,60,60,40,2,FALSE,TRUE
206,Dunsparce,Dunsparce (Shadow),Dunsparce (XL),206,Normal,,415,100,70,70,65,65,45,2,FALSE,TRUE
207,Gligar,Gligar (Shadow),Gligar (XL),207,Ground,Flying,430,65,75,105,35,65,85,2,FALSE,TRUE
208,Steelix,Steelix (Shadow),Steelix (XL),208,Steel,Ground,510,75,85,200,55,65,30,2,FALSE,TRUE
208,SteelixMega Steelix,SteelixMega Steelix (Shadow),SteelixMega Steelix (XL),208,Steel,Ground,610,75,125,230,55,95,30,2,FALSE,TRUE
209,Snubbull,Snubbull (Shadow),Snubbull (XL),209,Fairy,,300,60,80,50,40,40,30,2,FALSE,TRUE
210,Granbull,Granbull (Shadow),Granbull (XL),210,Fairy,,450,90,120,75,60,60,45,2,FALSE,TRUE
211,Qwilfish,Qwilfish (Shadow),Qwilfish (XL),211,Water,Poison,430,65,95,75,55,55,85,2,FALSE,TRUE
212,Scizor,Scizor (Shadow),Scizor (XL),212,Bug,Steel,500,70,130,100,55,80,65,2,FALSE,TRUE
212,ScizorMega Scizor,ScizorMega Scizor (Shadow),ScizorMega Scizor (XL),212,Bug,Steel,600,70,150,140,65,100,75,2,FALSE,TRUE
213,Shuckle,Shuckle (Shadow),Shuckle (XL),213,Bug,Rock,505,20,10,230,10,230,5,2,FALSE,TRUE
214,Heracross,Heracross (Shadow),Heracross (XL),214,Bug,Fighting,500,80,125,75,40,95,85,2,FALSE,TRUE
214,HeracrossMega Heracross,HeracrossMega Heracross (Shadow),HeracrossMega Heracross (XL),214,Bug,Fighting,600,80,185,115,40,105,75,2,FALSE,TRUE
215,Sneasel,Sneasel (Shadow),Sneasel (XL),215,Dark,Ice,430,55,95,55,35,75,115,2,FALSE,TRUE
216,Teddiursa,Teddiursa (Shadow),Teddiursa (XL),216,Normal,,330,60,80,50,50,50,40,2,FALSE,TRUE
217,Ursaring,Ursaring (Shadow),Ursaring (XL),217,Normal,,500,90,130,75,75,75,55,2,FALSE,TRUE
218,Slugma,Slugma (Shadow),Slugma (XL),218,Fire,,250,40,40,40,70,40,20,2,FALSE,TRUE
219,Magcargo,Magcargo (Shadow),Magcargo (XL),219,Fire,Rock,410,50,50,120,80,80,30,2,FALSE,TRUE
220,Swinub,Swinub (Shadow),Swinub (XL),220,Ice,Ground,250,50,50,40,30,30,50,2,FALSE,TRUE
221,Piloswine,Piloswine (Shadow),Piloswine (XL),221,Ice,Ground,450,100,100,80,60,60,50,2,FALSE,TRUE
222,Corsola,Corsola (Shadow),Corsola (XL),222,Water,Rock,380,55,55,85,65,85,35,2,FALSE,TRUE
223,Remoraid,Remoraid (Shadow),Remoraid (XL),223,Water,,300,35,65,35,65,35,65,2,FALSE,TRUE
224,Octillery,Octillery (Shadow),Octillery (XL),224,Water,,480,75,105,75,105,75,45,2,FALSE,TRUE
225,Delibird,Delibird (Shadow),Delibird (XL),225,Ice,Flying,330,45,55,45,65,45,75,2,FALSE,TRUE
226,Mantine,Mantine (Shadow),Mantine (XL),226,Water,Flying,465,65,40,70,80,140,70,2,FALSE,TRUE
227,Skarmory,Skarmory (Shadow),Skarmory (XL),227,Steel,Flying,465,65,80,140,40,70,70,2,FALSE,TRUE
228,Houndour,Houndour (Shadow),Houndour (XL),228,Dark,Fire,330,45,60,30,80,50,65,2,FALSE,TRUE
229,Houndoom,Houndoom (Shadow),Houndoom (XL),229,Dark,Fire,500,75,90,50,110,80,95,2,FALSE,TRUE
229,HoundoomMega Houndoom,HoundoomMega Houndoom (Shadow),HoundoomMega Houndoom (XL),229,Dark,Fire,600,75,90,90,140,90,115,2,FALSE,TRUE
230,Kingdra,Kingdra (Shadow),Kingdra (XL),230,Water,Dragon,540,75,95,95,95,95,85,2,FALSE,TRUE
231,Phanpy,Phanpy (Shadow),Phanpy (XL),231,Ground,,330,90,60,60,40,40,40,2,FALSE,TRUE
232,Donphan,Donphan (Shadow),Donphan (XL),232,Ground,,500,90,120,120,60,60,50,2,FALSE,TRUE
233,Porygon2,Porygon2 (Shadow),Porygon2 (XL),233,Normal,,515,85,80,90,105,95,60,2,FALSE,TRUE
234,Stantler,Stantler (Shadow),Stantler (XL),234,Normal,,465,73,95,62,85,65,85,2,FALSE,TRUE
235,Smeargle,Smeargle (Shadow),Smeargle (XL),235,Normal,,250,55,20,35,20,45,75,2,FALSE,TRUE
236,Tyrogue,Tyrogue (Shadow),Tyrogue (XL),236,Fighting,,210,35,35,35,35,35,35,2,FALSE,TRUE
237,Hitmontop,Hitmontop (Shadow),Hitmontop (XL),237,Fighting,,455,50,95,95,35,110,70,2,FALSE,TRUE
238,Smoochum,Smoochum (Shadow),Smoochum (XL),238,Ice,Psychic,305,45,30,15,85,65,65,2,FALSE,TRUE
239,Elekid,Elekid (Shadow),Elekid (XL),239,Electric,,360,45,63,37,65,55,95,2,FALSE,TRUE
240,Magby,Magby (Shadow),Magby (XL),240,Fire,,365,45,75,37,70,55,83,2,FALSE,TRUE
241,Miltank,Miltank (Shadow),Miltank (XL),241,Normal,,490,95,80,105,40,70,100,2,FALSE,TRUE
242,Blissey,Blissey (Shadow),Blissey (XL),242,Normal,,540,255,10,10,75,135,55,2,FALSE,TRUE
243,Raikou,Raikou (Shadow),Raikou (XL),243,Electric,,580,90,85,75,115,100,115,2,TRUE,TRUE
244,Entei,Entei (Shadow),Entei (XL),244,Fire,,580,115,115,85,90,75,100,2,TRUE,TRUE
245,Suicune,Suicune (Shadow),Suicune (XL),245,Water,,580,100,75,115,90,115,85,2,TRUE,TRUE
246,Larvitar,Larvitar (Shadow),Larvitar (XL),246,Rock,Ground,300,50,64,50,45,50,41,2,FALSE,TRUE
247,Pupitar,Pupitar (Shadow),Pupitar (XL),247,Rock,Ground,410,70,84,70,65,70,51,2,FALSE,TRUE
248,Tyranitar,Tyranitar (Shadow),Tyranitar (XL),248,Rock,Dark,600,100,134,110,95,100,61,2,FALSE,TRUE
248,TyranitarMega Tyranitar,TyranitarMega Tyranitar (Shadow),TyranitarMega Tyranitar (XL),248,Rock,Dark,700,100,164,150,95,120,71,2,FALSE,TRUE
249,Lugia,Lugia (Shadow),Lugia (XL),249,Psychic,Flying,680,106,90,130,90,154,110,2,TRUE,TRUE
250,Ho-Oh,Ho-oh (Shadow),Ho-oh (XL),250,Fire,Flying,680,106,130,90,110,154,90,2,TRUE,TRUE
251,Celebi,Celebi (Shadow),Celebi (XL),251,Psychic,Grass,600,100,100,100,100,100,100,2,FALSE,TRUE
252,Treecko,Treecko (Shadow),Treecko (XL),252,Grass,,310,40,45,35,65,55,70,3,FALSE,TRUE
253,Grovyle,Grovyle (Shadow),Grovyle (XL),253,Grass,,405,50,65,45,85,65,95,3,FALSE,TRUE
254,Sceptile,Sceptile (Shadow),Sceptile (XL),254,Grass,,530,70,85,65,105,85,120,3,FALSE,TRUE
254,SceptileMega Sceptile,SceptileMega Sceptile (Shadow),SceptileMega Sceptile (XL),254,Grass,Dragon,630,70,110,75,145,85,145,3,FALSE,TRUE
255,Torchic,Torchic (Shadow),Torchic (XL),255,Fire,,310,45,60,40,70,50,45,3,FALSE,TRUE
256,Combusken,Combusken (Shadow),Combusken (XL),256,Fire,Fighting,405,60,85,60,85,60,55,3,FALSE,TRUE
257,Blaziken,Blaziken (Shadow),Blaziken (XL),257,Fire,Fighting,530,80,120,70,110,70,80,3,FALSE,TRUE
257,BlazikenMega Blaziken,BlazikenMega Blaziken (Shadow),BlazikenMega Blaziken (XL),257,Fire,Fighting,630,80,160,80,130,80,100,3,FALSE,TRUE
258,Mudkip,Mudkip (Shadow),Mudkip (XL),258,Water,,310,50,70,50,50,50,40,3,FALSE,TRUE
259,Marshtomp,Marshtomp (Shadow),Marshtomp (XL),259,Water,Ground,405,70,85,70,60,70,50,3,FALSE,TRUE
260,Swampert,Swampert (Shadow),Swampert (XL),260,Water,Ground,535,100,110,90,85,90,60,3,FALSE,TRUE
260,SwampertMega Swampert,SwampertMega Swampert (Shadow),SwampertMega Swampert (XL),260,Water,Ground,635,100,150,110,95,110,70,3,FALSE,TRUE
261,Poochyena,Poochyena (Shadow),Poochyena (XL),261,Dark,,220,35,55,35,30,30,35,3,FALSE,TRUE
262,Mightyena,Mightyena (Shadow),Mightyena (XL),262,Dark,,420,70,90,70,60,60,70,3,FALSE,TRUE
263,Zigzagoon,Zigzagoon (Shadow),Zigzagoon (XL),263,Normal,,240,38,30,41,30,41,60,3,FALSE,TRUE
264,Linoone,Linoone (Shadow),Linoone (XL),264,Normal,,420,78,70,61,50,61,100,3,FALSE,TRUE
265,Wurmple,Wurmple (Shadow),Wurmple (XL),265,Bug,,195,45,45,35,20,30,20,3,FALSE,TRUE
266,Silcoon,Silcoon (Shadow),Silcoon (XL),266,Bug,,205,50,35,55,25,25,15,3,FALSE,TRUE
267,Beautifly,Beautifly (Shadow),Beautifly (XL),267,Bug,Flying,395,60,70,50,100,50,65,3,FALSE,TRUE
268,Cascoon,Cascoon (Shadow),Cascoon (XL),268,Bug,,205,50,35,55,25,25,15,3,FALSE,TRUE
269,Dustox,Dustox (Shadow),Dustox (XL),269,Bug,Poison,385,60,50,70,50,90,65,3,FALSE,TRUE
270,Lotad,Lotad (Shadow),Lotad (XL),270,Water,Grass,220,40,30,30,40,50,30,3,FALSE,TRUE
271,Lombre,Lombre (Shadow),Lombre (XL),271,Water,Grass,340,60,50,50,60,70,50,3,FALSE,TRUE
272,Ludicolo,Ludicolo (Shadow),Ludicolo (XL),272,Water,Grass,480,80,70,70,90,100,70,3,FALSE,TRUE
273,Seedot,Seedot (Shadow),Seedot (XL),273,Grass,,220,40,40,50,30,30,30,3,FALSE,TRUE
274,Nuzleaf,Nuzleaf (Shadow),Nuzleaf (XL),274,Grass,Dark,340,70,70,40,60,40,60,3,FALSE,TRUE
275,Shiftry,Shiftry (Shadow),Shiftry (XL),275,Grass,Dark,480,90,100,60,90,60,80,3,FALSE,TRUE
276,Taillow,Taillow (Shadow),Taillow (XL),276,Normal,Flying,270,40,55,30,30,30,85,3,FALSE,TRUE
277,Swellow,Swellow (Shadow),Swellow (XL),277,Normal,Flying,430,60,85,60,50,50,125,3,FALSE,TRUE
278,Wingull,Wingull (Shadow),Wingull (XL),278,Water,Flying,270,40,30,30,55,30,85,3,FALSE,TRUE
279,Pelipper,Pelipper (Shadow),Pelipper (XL),279,Water,Flying,430,60,50,100,85,70,65,3,FALSE,TRUE
280,Ralts,Ralts (Shadow),Ralts (XL),280,Psychic,Fairy,198,28,25,25,45,35,40,3,FALSE,TRUE
281,Kirlia,Kirlia (Shadow),Kirlia (XL),281,Psychic,Fairy,278,38,35,35,65,55,50,3,FALSE,TRUE
282,Gardevoir,Gardevoir (Shadow),Gardevoir (XL),282,Psychic,Fairy,518,68,65,65,125,115,80,3,FALSE,TRUE
282,GardevoirMega Gardevoir,GardevoirMega Gardevoir (Shadow),GardevoirMega Gardevoir (XL),282,Psychic,Fairy,618,68,85,65,165,135,100,3,FALSE,TRUE
283,Surskit,Surskit (Shadow),Surskit (XL),283,Bug,Water,269,40,30,32,50,52,65,3,FALSE,TRUE
284,Masquerain,Masquerain (Shadow),Masquerain (XL),284,Bug,Flying,414,70,60,62,80,82,60,3,FALSE,TRUE
285,Shroomish,Shroomish (Shadow),Shroomish (XL),285,Grass,,295,60,40,60,40,60,35,3,FALSE,TRUE
286,Breloom,Breloom (Shadow),Breloom (XL),286,Grass,Fighting,460,60,130,80,60,60,70,3,FALSE,TRUE
287,Slakoth,Slakoth (Shadow),Slakoth (XL),287,Normal,,280,60,60,60,35,35,30,3,FALSE,TRUE
288,Vigoroth,Vigoroth (Shadow),Vigoroth (XL),288,Normal,,440,80,80,80,55,55,90,3,FALSE,TRUE
289,Slaking,Slaking (Shadow),Slaking (XL),289,Normal,,670,150,160,100,95,65,100,3,FALSE,TRUE
290,Nincada,Nincada (Shadow),Nincada (XL),290,Bug,Ground,266,31,45,90,30,30,40,3,FALSE,TRUE
291,Ninjask,Ninjask (Shadow),Ninjask (XL),291,Bug,Flying,456,61,90,45,50,50,160,3,FALSE,TRUE
292,Shedinja,Shedinja (Shadow),Shedinja (XL),292,Bug,Ghost,236,1,90,45,30,30,40,3,FALSE,TRUE
293,Whismur,Whismur (Shadow),Whismur (XL),293,Normal,,240,64,51,23,51,23,28,3,FALSE,TRUE
294,Loudred,Loudred (Shadow),Loudred (XL),294,Normal,,360,84,71,43,71,43,48,3,FALSE,TRUE
295,Exploud,Exploud (Shadow),Exploud (XL),295,Normal,,490,104,91,63,91,73,68,3,FALSE,TRUE
296,Makuhita,Makuhita (Shadow),Makuhita (XL),296,Fighting,,237,72,60,30,20,30,25,3,FALSE,TRUE
297,Hariyama,Hariyama (Shadow),Hariyama (XL),297,Fighting,,474,144,120,60,40,60,50,3,FALSE,TRUE
298,Azurill,Azurill (Shadow),Azurill (XL),298,Normal,Fairy,190,50,20,40,20,40,20,3,FALSE,TRUE
299,Nosepass,Nosepass (Shadow),Nosepass (XL),299,Rock,,375,30,45,135,45,90,30,3,FALSE,TRUE
300,Skitty,Skitty (Shadow),Skitty (XL),300,Normal,,260,50,45,45,35,35,50,3,FALSE,TRUE
301,Delcatty,Delcatty (Shadow),Delcatty (XL),301,Normal,,380,70,65,65,55,55,70,3,FALSE,TRUE
302,Sableye,Sableye (Shadow),Sableye (XL),302,Dark,Ghost,380,50,75,75,65,65,50,3,FALSE,TRUE
302,SableyeMega Sableye,SableyeMega Sableye (Shadow),SableyeMega Sableye (XL),302,Dark,Ghost,480,50,85,125,85,115,20,3,FALSE,TRUE
303,Mawile,Mawile (Shadow),Mawile (XL),303,Steel,Fairy,380,50,85,85,55,55,50,3,FALSE,TRUE
303,MawileMega Mawile,MawileMega Mawile (Shadow),MawileMega Mawile (XL),303,Steel,Fairy,480,50,105,125,55,95,50,3,FALSE,TRUE
304,Aron,Aron (Shadow),Aron (XL),304,Steel,Rock,330,50,70,100,40,40,30,3,FALSE,TRUE
305,Lairon,Lairon (Shadow),Lairon (XL),305,Steel,Rock,430,60,90,140,50,50,40,3,FALSE,TRUE
306,Aggron,Aggron (Shadow),Aggron (XL),306,Steel,Rock,530,70,110,180,60,60,50,3,FALSE,TRUE
306,AggronMega Aggron,AggronMega Aggron (Shadow),AggronMega Aggron (XL),306,Steel,,630,70,140,230,60,80,50,3,FALSE,TRUE
307,Meditite,Meditite (Shadow),Meditite (XL),307,Fighting,Psychic,280,30,40,55,40,55,60,3,FALSE,TRUE
308,Medicham,Medicham (Shadow),Medicham (XL),308,Fighting,Psychic,410,60,60,75,60,75,80,3,FALSE,TRUE
308,MedichamMega Medicham,MedichamMega Medicham (Shadow),MedichamMega Medicham (XL),308,Fighting,Psychic,510,60,100,85,80,85,100,3,FALSE,TRUE
309,Electrike,Electrike (Shadow),Electrike (XL),309,Electric,,295,40,45,40,65,40,65,3,FALSE,TRUE
310,Manectric,Manectric (Shadow),Manectric (XL),310,Electric,,475,70,75,60,105,60,105,3,FALSE,TRUE
310,ManectricMega Manectric,ManectricMega Manectric (Shadow),ManectricMega Manectric (XL),310,Electric,,575,70,75,80,135,80,135,3,FALSE,TRUE
311,Plusle,Plusle (Shadow),Plusle (XL),311,Electric,,405,60,50,40,85,75,95,3,FALSE,TRUE
312,Minun,Minun (Shadow),Minun (XL),312,Electric,,405,60,40,50,75,85,95,3,FALSE,TRUE
313,Volbeat,Volbeat (Shadow),Volbeat (XL),313,Bug,,400,65,73,55,47,75,85,3,FALSE,TRUE
314,Illumise,Illumise (Shadow),Illumise (XL),314,Bug,,400,65,47,55,73,75,85,3,FALSE,TRUE
315,Roselia,Roselia (Shadow),Roselia (XL),315,Grass,Poison,400,50,60,45,100,80,65,3,FALSE,TRUE
316,Gulpin,Gulpin (Shadow),Gulpin (XL),316,Poison,,302,70,43,53,43,53,40,3,FALSE,TRUE
317,Swalot,Swalot (Shadow),Swalot (XL),317,Poison,,467,100,73,83,73,83,55,3,FALSE,TRUE
318,Carvanha,Carvanha (Shadow),Carvanha (XL),318,Water,Dark,305,45,90,20,65,20,65,3,FALSE,TRUE
319,Sharpedo,Sharpedo (Shadow),Sharpedo (XL),319,Water,Dark,460,70,120,40,95,40,95,3,FALSE,TRUE
319,SharpedoMega Sharpedo,SharpedoMega Sharpedo (Shadow),SharpedoMega Sharpedo (XL),319,Water,Dark,560,70,140,70,110,65,105,3,FALSE,TRUE
320,Wailmer,Wailmer (Shadow),Wailmer (XL),320,Water,,400,130,70,35,70,35,60,3,FALSE,TRUE
321,Wailord,Wailord (Shadow),Wailord (XL),321,Water,,500,170,90,45,90,45,60,3,FALSE,TRUE
322,Numel,Numel (Shadow),Numel (XL),322,Fire,Ground,305,60,60,40,65,45,35,3,FALSE,TRUE
323,Camerupt,Camerupt (Shadow),Camerupt (XL),323,Fire,Ground,460,70,100,70,105,75,40,3,FALSE,TRUE
323,CameruptMega Camerupt,CameruptMega Camerupt (Shadow),CameruptMega Camerupt (XL),323,Fire,Ground,560,70,120,100,145,105,20,3,FALSE,TRUE
324,Torkoal,Torkoal (Shadow),Torkoal (XL),324,Fire,,470,70,85,140,85,70,20,3,FALSE,TRUE
325,Spoink,Spoink (Shadow),Spoink (XL),325,Psychic,,330,60,25,35,70,80,60,3,FALSE,TRUE
326,Grumpig,Grumpig (Shadow),Grumpig (XL),326,Psychic,,470,80,45,65,90,110,80,3,FALSE,TRUE
327,Spinda,Spinda (Shadow),Spinda (XL),327,Normal,,360,60,60,60,60,60,60,3,FALSE,TRUE
328,Trapinch,Trapinch (Shadow),Trapinch (XL),328,Ground,,290,45,100,45,45,45,10,3,FALSE,TRUE
329,Vibrava,Vibrava (Shadow),Vibrava (XL),329,Ground,Dragon,340,50,70,50,50,50,70,3,FALSE,TRUE
330,Flygon,Flygon (Shadow),Flygon (XL),330,Ground,Dragon,520,80,100,80,80,80,100,3,FALSE,TRUE
331,Cacnea,Cacnea (Shadow),Cacnea (XL),331,Grass,,335,50,85,40,85,40,35,3,FALSE,TRUE
332,Cacturne,Cacturne (Shadow),Cacturne (XL),332,Grass,Dark,475,70,115,60,115,60,55,3,FALSE,TRUE
333,Swablu,Swablu (Shadow),Swablu (XL),333,Normal,Flying,310,45,40,60,40,75,50,3,FALSE,TRUE
334,Altaria,Altaria (Shadow),Altaria (XL),334,Dragon,Flying,490,75,70,90,70,105,80,3,FALSE,TRUE
334,AltariaMega Altaria,AltariaMega Altaria (Shadow),AltariaMega Altaria (XL),334,Dragon,Fairy,590,75,110,110,110,105,80,3,FALSE,TRUE
335,Zangoose,Zangoose (Shadow),Zangoose (XL),335,Normal,,458,73,115,60,60,60,90,3,FALSE,TRUE
336,Seviper,Seviper (Shadow),Seviper (XL),336,Poison,,458,73,100,60,100,60,65,3,FALSE,TRUE
337,Lunatone,Lunatone (Shadow),Lunatone (XL),337,Rock,Psychic,440,70,55,65,95,85,70,3,FALSE,TRUE
338,Solrock,Solrock (Shadow),Solrock (XL),338,Rock,Psychic,440,70,95,85,55,65,70,3,FALSE,TRUE
339,Barboach,Barboach (Shadow),Barboach (XL),339,Water,Ground,288,50,48,43,46,41,60,3,FALSE,TRUE
340,Whiscash,Whiscash (Shadow),Whiscash (XL),340,Water,Ground,468,110,78,73,76,71,60,3,FALSE,TRUE
341,Corphish,Corphish (Shadow),Corphish (XL),341,Water,,308,43,80,65,50,35,35,3,FALSE,TRUE
342,Crawdaunt,Crawdaunt (Shadow),Crawdaunt (XL),342,Water,Dark,468,63,120,85,90,55,55,3,FALSE,TRUE
343,Baltoy,Baltoy (Shadow),Baltoy (XL),343,Ground,Psychic,300,40,40,55,40,70,55,3,FALSE,TRUE
344,Claydol,Claydol (Shadow),Claydol (XL),344,Ground,Psychic,500,60,70,105,70,120,75,3,FALSE,TRUE
345,Lileep,Lileep (Shadow),Lileep (XL),345,Rock,Grass,355,66,41,77,61,87,23,3,FALSE,TRUE
346,Cradily,Cradily (Shadow),Cradily (XL),346,Rock,Grass,495,86,81,97,81,107,43,3,FALSE,TRUE
347,Anorith,Anorith (Shadow),Anorith (XL),347,Rock,Bug,355,45,95,50,40,50,75,3,FALSE,TRUE
348,Armaldo,Armaldo (Shadow),Armaldo (XL),348,Rock,Bug,495,75,125,100,70,80,45,3,FALSE,TRUE
349,Feebas,Feebas (Shadow),Feebas (XL),349,Water,,200,20,15,20,10,55,80,3,FALSE,TRUE
350,Milotic,Milotic (Shadow),Milotic (XL),350,Water,,540,95,60,79,100,125,81,3,FALSE,TRUE
351,Castform,Castform (Shadow),Castform (XL),351,Normal,,420,70,70,70,70,70,70,3,FALSE,TRUE
352,Kecleon,Kecleon (Shadow),Kecleon (XL),352,Normal,,440,60,90,70,60,120,40,3,FALSE,FALSE
353,Shuppet,Shuppet (Shadow),Shuppet (XL),353,Ghost,,295,44,75,35,63,33,45,3,FALSE,TRUE
354,Banette,Banette (Shadow),Banette (XL),354,Ghost,,455,64,115,65,83,63,65,3,FALSE,TRUE
354,BanetteMega Banette,BanetteMega Banette (Shadow),BanetteMega Banette (XL),354,Ghost,,555,64,165,75,93,83,75,3,FALSE,TRUE
355,Duskull,Duskull (Shadow),Duskull (XL),355,Ghost,,295,20,40,90,30,90,25,3,FALSE,TRUE
356,Dusclops,Dusclops (Shadow),Dusclops (XL),356,Ghost,,455,40,70,130,60,130,25,3,FALSE,TRUE
357,Tropius,Tropius (Shadow),Tropius (XL),357,Grass,Flying,460,99,68,83,72,87,51,3,FALSE,TRUE
358,Chimecho,Chimecho (Shadow),Chimecho (XL),358,Psychic,,425,65,50,70,95,80,65,3,FALSE,TRUE
359,Absol,Absol (Shadow),Absol (XL),359,Dark,,465,65,130,60,75,60,75,3,FALSE,TRUE
359,AbsolMega Absol,AbsolMega Absol (Shadow),AbsolMega Absol (XL),359,Dark,,565,65,150,60,115,60,115,3,FALSE,TRUE
360,Wynaut,Wynaut (Shadow),Wynaut (XL),360,Psychic,,260,95,23,48,23,48,23,3,FALSE,TRUE
361,Snorunt,Snorunt (Shadow),Snorunt (XL),361,Ice,,300,50,50,50,50,50,50,3,FALSE,TRUE
362,Glalie,Glalie (Shadow),Glalie (XL),362,Ice,,480,80,80,80,80,80,80,3,FALSE,TRUE
362,GlalieMega Glalie,GlalieMega Glalie (Shadow),GlalieMega Glalie (XL),362,Ice,,580,80,120,80,120,80,100,3,FALSE,TRUE
363,Spheal,Spheal (Shadow),Spheal (XL),363,Ice,Water,290,70,40,50,55,50,25,3,FALSE,TRUE
364,Sealeo,Sealeo (Shadow),Sealeo (XL),364,Ice,Water,410,90,60,70,75,70,45,3,FALSE,TRUE
365,Walrein,Walrein (Shadow),Walrein (XL),365,Ice,Water,530,110,80,90,95,90,65,3,FALSE,TRUE
366,Clamperl,Clamperl (Shadow),Clamperl (XL),366,Water,,345,35,64,85,74,55,32,3,FALSE,TRUE
367,Huntail,Huntail (Shadow),Huntail (XL),367,Water,,485,55,104,105,94,75,52,3,FALSE,TRUE
368,Gorebyss,Gorebyss (Shadow),Gorebyss (XL),368,Water,,485,55,84,105,114,75,52,3,FALSE,TRUE
369,Relicanth,Relicanth (Shadow),Relicanth (XL),369,Water,Rock,485,100,90,130,45,65,55,3,FALSE,TRUE
370,Luvdisc,Luvdisc (Shadow),Luvdisc (XL),370,Water,,330,43,30,55,40,65,97,3,FALSE,TRUE
371,Bagon,Bagon (Shadow),Bagon (XL),371,Dragon,,300,45,75,60,40,30,50,3,FALSE,TRUE
372,Shelgon,Shelgon (Shadow),Shelgon (XL),372,Dragon,,420,65,95,100,60,50,50,3,FALSE,TRUE
373,Salamence,Salamence (Shadow),Salamence (XL),373,Dragon,Flying,600,95,135,80,110,80,100,3,FALSE,TRUE
373,SalamenceMega Salamence,SalamenceMega Salamence (Shadow),SalamenceMega Salamence (XL),373,Dragon,Flying,700,95,145,130,120,90,120,3,FALSE,TRUE
374,Beldum,Beldum (Shadow),Beldum (XL),374,Steel,Psychic,300,40,55,80,35,60,30,3,FALSE,TRUE
375,Metang,Metang (Shadow),Metang (XL),375,Steel,Psychic,420,60,75,100,55,80,50,3,FALSE,TRUE
376,Metagross,Metagross (Shadow),Metagross (XL),376,Steel,Psychic,600,80,135,130,95,90,70,3,FALSE,TRUE
376,MetagrossMega Metagross,MetagrossMega Metagross (Shadow),MetagrossMega Metagross (XL),376,Steel,Psychic,700,80,145,150,105,110,110,3,FALSE,TRUE
377,Regirock,Regirock (Shadow),Regirock (XL),377,Rock,,580,80,100,200,50,100,50,3,TRUE,TRUE
378,Regice,Regice (Shadow),Regice (XL),378,Ice,,580,80,50,100,100,200,50,3,TRUE,TRUE
379,Registeel,Registeel (Shadow),Registeel (XL),379,Steel,,580,80,75,150,75,150,50,3,TRUE,TRUE
380,Latias,Latias (Shadow),Latias (XL),380,Dragon,Psychic,600,80,80,90,110,130,110,3,TRUE,TRUE
380,LatiasMega Latias,LatiasMega Latias (Shadow),LatiasMega Latias (XL),380,Dragon,Psychic,700,80,100,120,140,150,110,3,TRUE,TRUE
381,Latios,Latios (Shadow),Latios (XL),381,Dragon,Psychic,600,80,90,80,130,110,110,3,TRUE,TRUE
381,LatiosMega Latios,LatiosMega Latios (Shadow),LatiosMega Latios (XL),381,Dragon,Psychic,700,80,130,100,160,120,110,3,TRUE,TRUE
382,Kyogre,Kyogre (Shadow),Kyogre (XL),382,Water,,670,100,100,90,150,140,90,3,TRUE,TRUE
382,KyogrePrimal Kyogre,KyogrePrimal Kyogre (Shadow),KyogrePrimal Kyogre (XL),382,Water,,770,100,150,90,180,160,90,3,TRUE,TRUE
383,Groudon,Groudon (Shadow),Groudon (XL),383,Ground,,670,100,150,140,100,90,90,3,TRUE,TRUE
383,GroudonPrimal Groudon,GroudonPrimal Groudon (Shadow),GroudonPrimal Groudon (XL),383,Ground,Fire,770,100,180,160,150,90,90,3,TRUE,TRUE
384,Rayquaza,Rayquaza (Shadow),Rayquaza (XL),384,Dragon,Flying,680,105,150,90,150,90,95,3,TRUE,TRUE
384,RayquazaMega Rayquaza,RayquazaMega Rayquaza (Shadow),RayquazaMega Rayquaza (XL),384,Dragon,Flying,780,105,180,100,180,100,115,3,TRUE,TRUE
385,Jirachi,Jirachi (Shadow),Jirachi (XL),385,Steel,Psychic,600,100,100,100,100,100,100,3,TRUE,TRUE
386,Deoxys,,,386,Psychic,,,,,,,,,,,TRUE
386,DeoxysNormal Forme,DeoxysNormal Forme (Shadow),DeoxysNormal Forme (XL),386,Psychic,,600,50,150,50,150,50,150,3,TRUE,TRUE
386,DeoxysAttack Forme,DeoxysAttack Forme (Shadow),DeoxysAttack Forme (XL),386,Psychic,,600,50,180,20,180,20,150,3,TRUE,TRUE
386,DeoxysDefense Forme,DeoxysDefense Forme (Shadow),DeoxysDefense Forme (XL),386,Psychic,,600,50,70,160,70,160,90,3,TRUE,TRUE
386,DeoxysSpeed Forme,DeoxysSpeed Forme (Shadow),DeoxysSpeed Forme (XL),386,Psychic,,600,50,95,90,95,90,180,3,TRUE,TRUE
387,Turtwig,Turtwig (Shadow),Turtwig (XL),387,Grass,,318,55,68,64,45,55,31,4,FALSE,TRUE
388,Grotle,Grotle (Shadow),Grotle (XL),388,Grass,,405,75,89,85,55,65,36,4,FALSE,TRUE
389,Torterra,Torterra (Shadow),Torterra (XL),389,Grass,Ground,525,95,109,105,75,85,56,4,FALSE,TRUE
390,Chimchar,Chimchar (Shadow),Chimchar (XL),390,Fire,,309,44,58,44,58,44,61,4,FALSE,TRUE
391,Monferno,Monferno (Shadow),Monferno (XL),391,Fire,Fighting,405,64,78,52,78,52,81,4,FALSE,TRUE
392,Infernape,Infernape (Shadow),Infernape (XL),392,Fire,Fighting,534,76,104,71,104,71,108,4,FALSE,TRUE
393,Piplup,Piplup (Shadow),Piplup (XL),393,Water,,314,53,51,53,61,56,40,4,FALSE,TRUE
394,Prinplup,Prinplup (Shadow),Prinplup (XL),394,Water,,405,64,66,68,81,76,50,4,FALSE,TRUE
395,Empoleon,Empoleon (Shadow),Empoleon (XL),395,Water,Steel,530,84,86,88,111,101,60,4,FALSE,TRUE
396,Starly,Starly (Shadow),Starly (XL),396,Normal,Flying,245,40,55,30,30,30,60,4,FALSE,TRUE
397,Staravia,Staravia (Shadow),Staravia (XL),397,Normal,Flying,340,55,75,50,40,40,80,4,FALSE,TRUE
398,Staraptor,Staraptor (Shadow),Staraptor (XL),398,Normal,Flying,485,85,120,70,50,60,100,4,FALSE,TRUE
399,Bidoof,Bidoof (Shadow),Bidoof (XL),399,Normal,,250,59,45,40,35,40,31,4,FALSE,TRUE
400,Bibarel,Bibarel (Shadow),Bibarel (XL),400,Normal,Water,410,79,85,60,55,60,71,4,FALSE,TRUE
401,Kricketot,Kricketot (Shadow),Kricketot (XL),401,Bug,,194,37,25,41,25,41,25,4,FALSE,TRUE
402,Kricketune,Kricketune (Shadow),Kricketune (XL),402,Bug,,384,77,85,51,55,51,65,4,FALSE,TRUE
403,Shinx,Shinx (Shadow),Shinx (XL),403,Electric,,263,45,65,34,40,34,45,4,FALSE,TRUE
404,Luxio,Luxio (Shadow),Luxio (XL),404,Electric,,363,60,85,49,60,49,60,4,FALSE,TRUE
405,Luxray,Luxray (Shadow),Luxray (XL),405,Electric,,523,80,120,79,95,79,70,4,FALSE,TRUE
406,Budew,Budew (Shadow),Budew (XL),406,Grass,Poison,280,40,30,35,50,70,55,4,FALSE,TRUE
407,Roserade,Roserade (Shadow),Roserade (XL),407,Grass,Poison,515,60,70,65,125,105,90,4,FALSE,TRUE
408,Cranidos,Cranidos (Shadow),Cranidos (XL),408,Rock,,350,67,125,40,30,30,58,4,FALSE,TRUE
409,Rampardos,Rampardos (Shadow),Rampardos (XL),409,Rock,,495,97,165,60,65,50,58,4,FALSE,TRUE
410,Shieldon,Shieldon (Shadow),Shieldon (XL),410,Rock,Steel,350,30,42,118,42,88,30,4,FALSE,TRUE
411,Bastiodon,Bastiodon (Shadow),Bastiodon (XL),411,Rock,Steel,495,60,52,168,47,138,30,4,FALSE,TRUE
412,Burmy,Burmy (Shadow),Burmy (XL),412,Bug,,224,40,29,45,29,45,36,4,FALSE,TRUE
413,WormadamPlant Cloak,WormadamPlant Cloak (Shadow),WormadamPlant Cloak (XL),413,Bug,Grass,424,60,59,85,79,105,36,4,FALSE,TRUE
413,WormadamSandy Cloak,WormadamSandy Cloak (Shadow),WormadamSandy Cloak (XL),413,Bug,Ground,424,60,79,105,59,85,36,4,FALSE,TRUE
413,WormadamTrash Cloak,WormadamTrash Cloak (Shadow),WormadamTrash Cloak (XL),413,Bug,Steel,424,60,69,95,69,95,36,4,FALSE,TRUE
414,Mothim,Mothim (Shadow),Mothim (XL),414,Bug,Flying,424,70,94,50,94,50,66,4,FALSE,TRUE
415,Combee,Combee (Shadow),Combee (XL),415,Bug,Flying,244,30,30,42,30,42,70,4,FALSE,TRUE
416,Vespiquen,Vespiquen (Shadow),Vespiquen (XL),416,Bug,Flying,474,70,80,102,80,102,40,4,FALSE,TRUE
417,Pachirisu,Pachirisu (Shadow),Pachirisu (XL),417,Electric,,405,60,45,70,45,90,95,4,FALSE,TRUE
418,Buizel,Buizel (Shadow),Buizel (XL),418,Water,,330,55,65,35,60,30,85,4,FALSE,TRUE
419,Floatzel,Floatzel (Shadow),Floatzel (XL),419,Water,,495,85,105,55,85,50,115,4,FALSE,TRUE
420,Cherubi,Cherubi (Shadow),Cherubi (XL),420,Grass,,275,45,35,45,62,53,35,4,FALSE,TRUE
421,Cherrim,Cherrim (Shadow),Cherrim (XL),421,Grass,,450,70,60,70,87,78,85,4,FALSE,TRUE
422,Shellos,Shellos (Shadow),Shellos (XL),422,Water,,325,76,48,48,57,62,34,4,FALSE,TRUE
423,Gastrodon,Gastrodon (Shadow),Gastrodon (XL),423,Water,Ground,475,111,83,68,92,82,39,4,FALSE,TRUE
424,Ambipom,Ambipom (Shadow),Ambipom (XL),424,Normal,,482,75,100,66,60,66,115,4,FALSE,TRUE
425,Drifloon,Drifloon (Shadow),Drifloon (XL),425,Ghost,Flying,348,90,50,34,60,44,70,4,FALSE,TRUE
426,Drifblim,Drifblim (Shadow),Drifblim (XL),426,Ghost,Flying,498,150,80,44,90,54,80,4,FALSE,TRUE
427,Buneary,Buneary (Shadow),Buneary (XL),427,Normal,,350,55,66,44,44,56,85,4,FALSE,TRUE
428,Lopunny,Lopunny (Shadow),Lopunny (XL),428,Normal,,480,65,76,84,54,96,105,4,FALSE,TRUE
428,LopunnyMega Lopunny,LopunnyMega Lopunny (Shadow),LopunnyMega Lopunny (XL),428,Normal,Fighting,580,65,136,94,54,96,135,4,FALSE,TRUE
429,Mismagius,Mismagius (Shadow),Mismagius (XL),429,Ghost,,495,60,60,60,105,105,105,4,FALSE,TRUE
430,Honchkrow,Honchkrow (Shadow),Honchkrow (XL),430,Dark,Flying,505,100,125,52,105,52,71,4,FALSE,TRUE
431,Glameow,Glameow (Shadow),Glameow (XL),431,Normal,,310,49,55,42,42,37,85,4,FALSE,TRUE
432,Purugly,Purugly (Shadow),Purugly (XL),432,Normal,,452,71,82,64,64,59,112,4,FALSE,TRUE
433,Chingling,Chingling (Shadow),Chingling (XL),433,Psychic,,285,45,30,50,65,50,45,4,FALSE,TRUE
434,Stunky,Stunky (Shadow),Stunky (XL),434,Poison,Dark,329,63,63,47,41,41,74,4,FALSE,TRUE
435,Skuntank,Skuntank (Shadow),Skuntank (XL),435,Poison,Dark,479,103,93,67,71,61,84,4,FALSE,TRUE
436,Bronzor,Bronzor (Shadow),Bronzor (XL),436,Steel,Psychic,300,57,24,86,24,86,23,4,FALSE,TRUE
437,Bronzong,Bronzong (Shadow),Bronzong (XL),437,Steel,Psychic,500,67,89,116,79,116,33,4,FALSE,TRUE
438,Bonsly,Bonsly (Shadow),Bonsly (XL),438,Rock,,290,50,80,95,10,45,10,4,FALSE,TRUE
439,Mime Jr.,Mime Jr. (Shadow),Mime Jr. (XL),439,Psychic,Fairy,310,20,25,45,70,90,60,4,FALSE,TRUE
440,Happiny,Happiny (Shadow),Happiny (XL),440,Normal,,220,100,5,5,15,65,30,4,FALSE,TRUE
441,Chatot,Chatot (Shadow),Chatot (XL),441,Normal,Flying,411,76,65,45,92,42,91,4,FALSE,TRUE
442,Spiritomb,Spiritomb (Shadow),Spiritomb (XL),442,Ghost,Dark,485,50,92,108,92,108,35,4,FALSE,TRUE
443,Gible,Gible (Shadow),Gible (XL),443,Dragon,Ground,300,58,70,45,40,45,42,4,FALSE,TRUE
444,Gabite,Gabite (Shadow),Gabite (XL),444,Dragon,Ground,410,68,90,65,50,55,82,4,FALSE,TRUE
445,Garchomp,Garchomp (Shadow),Garchomp (XL),445,Dragon,Ground,600,108,130,95,80,85,102,4,FALSE,TRUE
445,GarchompMega Garchomp,GarchompMega Garchomp (Shadow),GarchompMega Garchomp (XL),445,Dragon,Ground,700,108,170,115,120,95,92,4,FALSE,TRUE
446,Munchlax,Munchlax (Shadow),Munchlax (XL),446,Normal,,390,135,85,40,40,85,5,4,FALSE,TRUE
447,Riolu,Riolu (Shadow),Riolu (XL),447,Fighting,,285,40,70,40,35,40,60,4,FALSE,TRUE
448,Lucario,Lucario (Shadow),Lucario (XL),448,Fighting,Steel,525,70,110,70,115,70,90,4,FALSE,TRUE
448,LucarioMega Lucario,LucarioMega Lucario (Shadow),LucarioMega Lucario (XL),448,Fighting,Steel,625,70,145,88,140,70,112,4,FALSE,TRUE
449,Hippopotas,Hippopotas (Shadow),Hippopotas (XL),449,Ground,,330,68,72,78,38,42,32,4,FALSE,TRUE
450,Hippowdon,Hippowdon (Shadow),Hippowdon (XL),450,Ground,,525,108,112,118,68,72,47,4,FALSE,TRUE
451,Skorupi,Skorupi (Shadow),Skorupi (XL),451,Poison,Bug,330,40,50,90,30,55,65,4,FALSE,TRUE
452,Drapion,Drapion (Shadow),Drapion (XL),452,Poison,Dark,500,70,90,110,60,75,95,4,FALSE,TRUE
453,Croagunk,Croagunk (Shadow),Croagunk (XL),453,Poison,Fighting,300,48,61,40,61,40,50,4,FALSE,TRUE
454,Toxicroak,Toxicroak (Shadow),Toxicroak (XL),454,Poison,Fighting,490,83,106,65,86,65,85,4,FALSE,TRUE
455,Carnivine,Carnivine (Shadow),Carnivine (XL),455,Grass,,454,74,100,72,90,72,46,4,FALSE,TRUE
456,Finneon,Finneon (Shadow),Finneon (XL),456,Water,,330,49,49,56,49,61,66,4,FALSE,TRUE
457,Lumineon,Lumineon (Shadow),Lumineon (XL),457,Water,,460,69,69,76,69,86,91,4,FALSE,TRUE
458,Mantyke,Mantyke (Shadow),Mantyke (XL),458,Water,Flying,345,45,20,50,60,120,50,4,FALSE,TRUE
459,Snover,Snover (Shadow),Snover (XL),459,Grass,Ice,334,60,62,50,62,60,40,4,FALSE,TRUE
460,Abomasnow,Abomasnow (Shadow),Abomasnow (XL),460,Grass,Ice,494,90,92,75,92,85,60,4,FALSE,TRUE
460,AbomasnowMega Abomasnow,AbomasnowMega Abomasnow (Shadow),AbomasnowMega Abomasnow (XL),460,Grass,Ice,594,90,132,105,132,105,30,4,FALSE,TRUE
461,Weavile,Weavile (Shadow),Weavile (XL),461,Dark,Ice,510,70,120,65,45,85,125,4,FALSE,TRUE
462,Magnezone,Magnezone (Shadow),Magnezone (XL),462,Electric,Steel,535,70,70,115,130,90,60,4,FALSE,TRUE
463,Lickilicky,Lickilicky (Shadow),Lickilicky (XL),463,Normal,,515,110,85,95,80,95,50,4,FALSE,TRUE
464,Rhyperior,Rhyperior (Shadow),Rhyperior (XL),464,Ground,Rock,535,115,140,130,55,55,40,4,FALSE,TRUE
465,Tangrowth,Tangrowth (Shadow),Tangrowth (XL),465,Grass,,535,100,100,125,110,50,50,4,FALSE,TRUE
466,Electivire,Electivire (Shadow),Electivire (XL),466,Electric,,540,75,123,67,95,85,95,4,FALSE,TRUE
467,Magmortar,Magmortar (Shadow),Magmortar (XL),467,Fire,,540,75,95,67,125,95,83,4,FALSE,TRUE
468,Togekiss,Togekiss (Shadow),Togekiss (XL),468,Fairy,Flying,545,85,50,95,120,115,80,4,FALSE,TRUE
469,Yanmega,Yanmega (Shadow),Yanmega (XL),469,Bug,Flying,515,86,76,86,116,56,95,4,FALSE,TRUE
470,Leafeon,Leafeon (Shadow),Leafeon (XL),470,Grass,,525,65,110,130,60,65,95,4,FALSE,TRUE
471,Glaceon,Glaceon (Shadow),Glaceon (XL),471,Ice,,525,65,60,110,130,95,65,4,FALSE,TRUE
472,Gliscor,Gliscor (Shadow),Gliscor (XL),472,Ground,Flying,510,75,95,125,45,75,95,4,FALSE,TRUE
473,Mamoswine,Mamoswine (Shadow),Mamoswine (XL),473,Ice,Ground,530,110,130,80,70,60,80,4,FALSE,TRUE
474,Porygon-Z,Porygon-Z (Shadow),Porygon-Z (XL),474,Normal,,535,85,80,70,135,75,90,4,FALSE,TRUE
475,Gallade,Gallade (Shadow),Gallade (XL),475,Psychic,Fighting,518,68,125,65,65,115,80,4,FALSE,TRUE
475,GalladeMega Gallade,GalladeMega Gallade (Shadow),GalladeMega Gallade (XL),475,Psychic,Fighting,618,68,165,95,65,115,110,4,FALSE,TRUE
476,Probopass,Probopass (Shadow),Probopass (XL),476,Rock,Steel,525,60,55,145,75,150,40,4,FALSE,TRUE
477,Dusknoir,Dusknoir (Shadow),Dusknoir (XL),477,Ghost,,525,45,100,135,65,135,45,4,FALSE,TRUE
478,Froslass,Froslass (Shadow),Froslass (XL),478,Ice,Ghost,480,70,80,70,80,70,110,4,FALSE,TRUE
479,Rotom,Rotom (Shadow),Rotom (XL),479,Electric,Ghost,440,50,50,77,95,77,91,4,FALSE,TRUE
479,RotomHeat Rotom,RotomHeat Rotom (Shadow),RotomHeat Rotom (XL),479,Electric,Fire,520,50,65,107,105,107,86,4,FALSE,TRUE
479,RotomWash Rotom,RotomWash Rotom (Shadow),RotomWash Rotom (XL),479,Electric,Water,520,50,65,107,105,107,86,4,FALSE,TRUE
479,RotomFrost Rotom,RotomFrost Rotom (Shadow),RotomFrost Rotom (XL),479,Electric,Ice,520,50,65,107,105,107,86,4,FALSE,TRUE
479,RotomFan Rotom,RotomFan Rotom (Shadow),RotomFan Rotom (XL),479,Electric,Flying,520,50,65,107,105,107,86,4,FALSE,TRUE
479,RotomMow Rotom,RotomMow Rotom (Shadow),RotomMow Rotom (XL),479,Electric,Grass,520,50,65,107,105,107,86,4,FALSE,TRUE
480,Uxie,Uxie (Shadow),Uxie (XL),480,Psychic,,580,75,75,130,75,130,95,4,TRUE,TRUE
481,Mesprit,Mesprit (Shadow),Mesprit (XL),481,Psychic,,580,80,105,105,105,105,80,4,TRUE,TRUE
482,Azelf,Azelf (Shadow),Azelf (XL),482,Psychic,,580,75,125,70,125,70,115,4,TRUE,TRUE
483,Dialga,Dialga (Shadow),Dialga (XL),483,Steel,Dragon,680,100,120,120,150,100,90,4,TRUE,TRUE
484,Palkia,Palkia (Shadow),Palkia (XL),484,Water,Dragon,680,90,120,100,150,120,100,4,TRUE,TRUE
485,Heatran,Heatran (Shadow),Heatran (XL),485,Fire,Steel,600,91,90,106,130,106,77,4,TRUE,TRUE
486,Regigigas,Regigigas (Shadow),Regigigas (XL),486,Normal,,670,110,160,110,80,110,100,4,TRUE,TRUE
487,Giratina,,,487,Ghost,Dragon,,,,,,,,,,TRUE
487,GiratinaAltered Forme,GiratinaAltered Forme (Shadow),GiratinaAltered Forme (XL),487,Ghost,Dragon,680,150,100,120,100,120,90,4,TRUE,TRUE
487,GiratinaOrigin Forme,GiratinaOrigin Forme (Shadow),GiratinaOrigin Forme (XL),487,Ghost,Dragon,680,150,120,100,120,100,90,4,TRUE,TRUE
488,Cresselia,Cresselia (Shadow),Cresselia (XL),488,Psychic,,600,120,70,120,75,130,85,4,FALSE,TRUE
489,Phione,Phione (Shadow),Phione (XL),489,Water,,480,80,80,80,80,80,80,4,FALSE,FALSE
490,Manaphy,Manaphy (Shadow),Manaphy (XL),490,Water,,600,100,100,100,100,100,100,4,FALSE,FALSE
491,Darkrai,Darkrai (Shadow),Darkrai (XL),491,Dark,,600,70,90,90,135,90,125,4,TRUE,TRUE
492,ShayminLand Forme,ShayminLand Forme (Shadow),ShayminLand Forme (XL),492,Grass,,600,100,100,100,100,100,100,4,TRUE,TRUE
492,ShayminSky Forme,ShayminSky Forme (Shadow),ShayminSky Forme (XL),492,Grass,Flying,600,100,103,75,120,75,127,4,TRUE,TRUE
493,Arceus,Arceus (Shadow),Arceus (XL),493,Normal,,720,120,120,120,120,120,120,4,TRUE,FALSE
494,Victini,Victini (Shadow),Victini (XL),494,Psychic,Fire,600,100,100,100,100,100,100,5,TRUE,TRUE
495,Snivy,Snivy (Shadow),Snivy (XL),495,Grass,,308,45,45,55,45,55,63,5,FALSE,TRUE
496,Servine,Servine (Shadow),Servine (XL),496,Grass,,413,60,60,75,60,75,83,5,FALSE,TRUE
497,Serperior,Serperior (Shadow),Serperior (XL),497,Grass,,528,75,75,95,75,95,113,5,FALSE,TRUE
498,Tepig,Tepig (Shadow),Tepig (XL),498,Fire,,308,65,63,45,45,45,45,5,FALSE,TRUE
499,Pignite,Pignite (Shadow),Pignite (XL),499,Fire,Fighting,418,90,93,55,70,55,55,5,FALSE,TRUE
500,Emboar,Emboar (Shadow),Emboar (XL),500,Fire,Fighting,528,110,123,65,100,65,65,5,FALSE,TRUE
501,Oshawott,Oshawott (Shadow),Oshawott (XL),501,Water,,308,55,55,45,63,45,45,5,FALSE,TRUE
502,Dewott,Dewott (Shadow),Dewott (XL),502,Water,,413,75,75,60,83,60,60,5,FALSE,TRUE
503,Samurott,Samurott (Shadow),Samurott (XL),503,Water,,528,95,100,85,108,70,70,5,FALSE,TRUE
504,Patrat,Patrat (Shadow),Patrat (XL),504,Normal,,255,45,55,39,35,39,42,5,FALSE,TRUE
505,Watchog,Watchog (Shadow),Watchog (XL),505,Normal,,420,60,85,69,60,69,77,5,FALSE,TRUE
506,Lillipup,Lillipup (Shadow),Lillipup (XL),506,Normal,,275,45,60,45,25,45,55,5,FALSE,TRUE
507,Herdier,Herdier (Shadow),Herdier (XL),507,Normal,,370,65,80,65,35,65,60,5,FALSE,TRUE
508,Stoutland,Stoutland (Shadow),Stoutland (XL),508,Normal,,500,85,110,90,45,90,80,5,FALSE,TRUE
509,Purrloin,Purrloin (Shadow),Purrloin (XL),509,Dark,,281,41,50,37,50,37,66,5,FALSE,TRUE
510,Liepard,Liepard (Shadow),Liepard (XL),510,Dark,,446,64,88,50,88,50,106,5,FALSE,TRUE
511,Pansage,Pansage (Shadow),Pansage (XL),511,Grass,,316,50,53,48,53,48,64,5,FALSE,TRUE
512,Simisage,Simisage (Shadow),Simisage (XL),512,Grass,,498,75,98,63,98,63,101,5,FALSE,TRUE
513,Pansear,Pansear (Shadow),Pansear (XL),513,Fire,,316,50,53,48,53,48,64,5,FALSE,TRUE
514,Simisear,Simisear (Shadow),Simisear (XL),514,Fire,,498,75,98,63,98,63,101,5,FALSE,TRUE
515,Panpour,Panpour (Shadow),Panpour (XL),515,Water,,316,50,53,48,53,48,64,5,FALSE,TRUE
516,Simipour,Simipour (Shadow),Simipour (XL),516,Water,,498,75,98,63,98,63,101,5,FALSE,TRUE
517,Munna,Munna (Shadow),Munna (XL),517,Psychic,,292,76,25,45,67,55,24,5,FALSE,TRUE
518,Musharna,Musharna (Shadow),Musharna (XL),518,Psychic,,487,116,55,85,107,95,29,5,FALSE,TRUE
519,Pidove,Pidove (Shadow),Pidove (XL),519,Normal,Flying,264,50,55,50,36,30,43,5,FALSE,TRUE
520,Tranquill,Tranquill (Shadow),Tranquill (XL),520,Normal,Flying,358,62,77,62,50,42,65,5,FALSE,TRUE
521,Unfezant,Unfezant (Shadow),Unfezant (XL),521,Normal,Flying,488,80,115,80,65,55,93,5,FALSE,TRUE
522,Blitzle,Blitzle (Shadow),Blitzle (XL),522,Electric,,295,45,60,32,50,32,76,5,FALSE,TRUE
523,Zebstrika,Zebstrika (Shadow),Zebstrika (XL),523,Electric,,497,75,100,63,80,63,116,5,FALSE,TRUE
524,Roggenrola,Roggenrola (Shadow),Roggenrola (XL),524,Rock,,280,55,75,85,25,25,15,5,FALSE,TRUE
525,Boldore,Boldore (Shadow),Boldore (XL),525,Rock,,390,70,105,105,50,40,20,5,FALSE,TRUE
526,Gigalith,Gigalith (Shadow),Gigalith (XL),526,Rock,,515,85,135,130,60,80,25,5,FALSE,TRUE
527,Woobat,Woobat (Shadow),Woobat (XL),527,Psychic,Flying,313,55,45,43,55,43,72,5,FALSE,TRUE
528,Swoobat,Swoobat (Shadow),Swoobat (XL),528,Psychic,Flying,425,67,57,55,77,55,114,5,FALSE,TRUE
529,Drilbur,Drilbur (Shadow),Drilbur (XL),529,Ground,,328,60,85,40,30,45,68,5,FALSE,TRUE
530,Excadrill,Excadrill (Shadow),Excadrill (XL),530,Ground,Steel,508,110,135,60,50,65,88,5,FALSE,TRUE
531,Audino,Audino (Shadow),Audino (XL),531,Normal,,445,103,60,86,60,86,50,5,FALSE,TRUE
531,AudinoMega Audino,AudinoMega Audino (Shadow),AudinoMega Audino (XL),531,Normal,Fairy,545,103,60,126,80,126,50,5,FALSE,TRUE
532,Timburr,Timburr (Shadow),Timburr (XL),532,Fighting,,305,75,80,55,25,35,35,5,FALSE,TRUE
533,Gurdurr,Gurdurr (Shadow),Gurdurr (XL),533,Fighting,,405,85,105,85,40,50,40,5,FALSE,TRUE
534,Conkeldurr,Conkeldurr (Shadow),Conkeldurr (XL),534,Fighting,,505,105,140,95,55,65,45,5,FALSE,TRUE
535,Tympole,Tympole (Shadow),Tympole (XL),535,Water,,294,50,50,40,50,40,64,5,FALSE,TRUE
536,Palpitoad,Palpitoad (Shadow),Palpitoad (XL),536,Water,Ground,384,75,65,55,65,55,69,5,FALSE,TRUE
537,Seismitoad,Seismitoad (Shadow),Seismitoad (XL),537,Water,Ground,509,105,95,75,85,75,74,5,FALSE,TRUE
538,Throh,Throh (Shadow),Throh (XL),538,Fighting,,465,120,100,85,30,85,45,5,FALSE,TRUE
539,Sawk,Sawk (Shadow),Sawk (XL),539,Fighting,,465,75,125,75,30,75,85,5,FALSE,TRUE
540,Sewaddle,Sewaddle (Shadow),Sewaddle (XL),540,Bug,Grass,310,45,53,70,40,60,42,5,FALSE,TRUE
541,Swadloon,Swadloon (Shadow),Swadloon (XL),541,Bug,Grass,380,55,63,90,50,80,42,5,FALSE,TRUE
542,Leavanny,Leavanny (Shadow),Leavanny (XL),542,Bug,Grass,500,75,103,80,70,80,92,5,FALSE,TRUE
543,Venipede,Venipede (Shadow),Venipede (XL),543,Bug,Poison,260,30,45,59,30,39,57,5,FALSE,TRUE
544,Whirlipede,Whirlipede (Shadow),Whirlipede (XL),544,Bug,Poison,360,40,55,99,40,79,47,5,FALSE,TRUE
545,Scolipede,Scolipede (Shadow),Scolipede (XL),545,Bug,Poison,485,60,100,89,55,69,112,5,FALSE,TRUE
546,Cottonee,Cottonee (Shadow),Cottonee (XL),546,Grass,Fairy,280,40,27,60,37,50,66,5,FALSE,TRUE
547,Whimsicott,Whimsicott (Shadow),Whimsicott (XL),547,Grass,Fairy,480,60,67,85,77,75,116,5,FALSE,TRUE
548,Petilil,Petilil (Shadow),Petilil (XL),548,Grass,,280,45,35,50,70,50,30,5,FALSE,TRUE
549,Lilligant,Lilligant (Shadow),Lilligant (XL),549,Grass,,480,70,60,75,110,75,90,5,FALSE,TRUE
550,Basculin,Basculin (Shadow),Basculin (XL),550,Water,,460,70,92,65,80,55,98,5,FALSE,TRUE
551,Sandile,Sandile (Shadow),Sandile (XL),551,Ground,Dark,292,50,72,35,35,35,65,5,FALSE,TRUE
552,Krokorok,Krokorok (Shadow),Krokorok (XL),552,Ground,Dark,351,60,82,45,45,45,74,5,FALSE,TRUE
553,Krookodile,Krookodile (Shadow),Krookodile (XL),553,Ground,Dark,519,95,117,80,65,70,92,5,FALSE,TRUE
554,Darumaka,Darumaka (Shadow),Darumaka (XL),554,Fire,,315,70,90,45,15,45,50,5,FALSE,TRUE
555,Darmanitan,Darmanitan (Shadow),Darmanitan (XL),555,Fire,,480,105,140,55,30,55,95,5,FALSE,TRUE
555,DarmanitanStandard Mode,DarmanitanStandard Mode (Shadow),DarmanitanStandard Mode (XL),555,Fire,,480,105,140,55,30,55,95,5,FALSE,TRUE
555,DarmanitanZen Mode,DarmanitanZen Mode (Shadow),DarmanitanZen Mode (XL),555,Fire,Psychic,540,105,30,105,140,105,55,5,FALSE,TRUE
556,Maractus,Maractus (Shadow),Maractus (XL),556,Grass,,461,75,86,67,106,67,60,5,FALSE,TRUE
557,Dwebble,Dwebble (Shadow),Dwebble (XL),557,Bug,Rock,325,50,65,85,35,35,55,5,FALSE,TRUE
558,Crustle,Crustle (Shadow),Crustle (XL),558,Bug,Rock,475,70,95,125,65,75,45,5,FALSE,TRUE
559,Scraggy,Scraggy (Shadow),Scraggy (XL),559,Dark,Fighting,348,50,75,70,35,70,48,5,FALSE,TRUE
560,Scrafty,Scrafty (Shadow),Scrafty (XL),560,Dark,Fighting,488,65,90,115,45,115,58,5,FALSE,TRUE
561,Sigilyph,Sigilyph (Shadow),Sigilyph (XL),561,Psychic,Flying,490,72,58,80,103,80,97,5,FALSE,TRUE
562,Yamask,Yamask (Shadow),Yamask (XL),562,Ghost,,303,38,30,85,55,65,30,5,FALSE,TRUE
563,Cofagrigus,Cofagrigus (Shadow),Cofagrigus (XL),563,Ghost,,483,58,50,145,95,105,30,5,FALSE,TRUE
564,Tirtouga,Tirtouga (Shadow),Tirtouga (XL),564,Water,Rock,355,54,78,103,53,45,22,5,FALSE,TRUE
565,Carracosta,Carracosta (Shadow),Carracosta (XL),565,Water,Rock,495,74,108,133,83,65,32,5,FALSE,TRUE
566,Archen,Archen (Shadow),Archen (XL),566,Rock,Flying,401,55,112,45,74,45,70,5,FALSE,TRUE
567,Archeops,Archeops (Shadow),Archeops (XL),567,Rock,Flying,567,75,140,65,112,65,110,5,FALSE,TRUE
568,Trubbish,Trubbish (Shadow),Trubbish (XL),568,Poison,,329,50,50,62,40,62,65,5,FALSE,TRUE
569,Garbodor,Garbodor (Shadow),Garbodor (XL),569,Poison,,474,80,95,82,60,82,75,5,FALSE,TRUE
570,Zorua,Zorua (Shadow),Zorua (XL),570,Dark,,330,40,65,40,80,40,65,5,FALSE,FALSE
571,Zoroark,Zoroark (Shadow),Zoroark (XL),571,Dark,,510,60,105,60,120,60,105,5,FALSE,FALSE
572,Minccino,Minccino (Shadow),Minccino (XL),572,Normal,,300,55,50,40,40,40,75,5,FALSE,TRUE
573,Cinccino,Cinccino (Shadow),Cinccino (XL),573,Normal,,470,75,95,60,65,60,115,5,FALSE,TRUE
574,Gothita,Gothita (Shadow),Gothita (XL),574,Psychic,,290,45,30,50,55,65,45,5,FALSE,TRUE
575,Gothorita,Gothorita (Shadow),Gothorita (XL),575,Psychic,,390,60,45,70,75,85,55,5,FALSE,TRUE
576,Gothitelle,Gothitelle (Shadow),Gothitelle (XL),576,Psychic,,490,70,55,95,95,110,65,5,FALSE,TRUE
577,Solosis,Solosis (Shadow),Solosis (XL),577,Psychic,,290,45,30,40,105,50,20,5,FALSE,TRUE
578,Duosion,Duosion (Shadow),Duosion (XL),578,Psychic,,370,65,40,50,125,60,30,5,FALSE,TRUE
579,Reuniclus,Reuniclus (Shadow),Reuniclus (XL),579,Psychic,,490,110,65,75,125,85,30,5,FALSE,TRUE
580,Ducklett,Ducklett (Shadow),Ducklett (XL),580,Water,Flying,305,62,44,50,44,50,55,5,FALSE,TRUE
581,Swanna,Swanna (Shadow),Swanna (XL),581,Water,Flying,473,75,87,63,87,63,98,5,FALSE,TRUE
582,Vanillite,Vanillite (Shadow),Vanillite (XL),582,Ice,,305,36,50,50,65,60,44,5,FALSE,TRUE
583,Vanillish,Vanillish (Shadow),Vanillish (XL),583,Ice,,395,51,65,65,80,75,59,5,FALSE,TRUE
584,Vanilluxe,Vanilluxe (Shadow),Vanilluxe (XL),584,Ice,,535,71,95,85,110,95,79,5,FALSE,TRUE
585,Deerling,Deerling (Shadow),Deerling (XL),585,Normal,Grass,335,60,60,50,40,50,75,5,FALSE,TRUE
586,Sawsbuck,Sawsbuck (Shadow),Sawsbuck (XL),586,Normal,Grass,475,80,100,70,60,70,95,5,FALSE,TRUE
587,Emolga,Emolga (Shadow),Emolga (XL),587,Electric,Flying,428,55,75,60,75,60,103,5,FALSE,TRUE
588,Karrablast,Karrablast (Shadow),Karrablast (XL),588,Bug,,315,50,75,45,40,45,60,5,FALSE,TRUE
589,Escavalier,Escavalier (Shadow),Escavalier (XL),589,Bug,Steel,495,70,135,105,60,105,20,5,FALSE,TRUE
590,Foongus,Foongus (Shadow),Foongus (XL),590,Grass,Poison,294,69,55,45,55,55,15,5,FALSE,TRUE
591,Amoonguss,Amoonguss (Shadow),Amoonguss (XL),591,Grass,Poison,464,114,85,70,85,80,30,5,FALSE,TRUE
592,Frillish,Frillish (Shadow),Frillish (XL),592,Water,Ghost,335,55,40,50,65,85,40,5,FALSE,TRUE
593,Jellicent,Jellicent (Shadow),Jellicent (XL),593,Water,Ghost,480,100,60,70,85,105,60,5,FALSE,TRUE
594,Alomomola,Alomomola (Shadow),Alomomola (XL),594,Water,,470,165,75,80,40,45,65,5,FALSE,TRUE
595,Joltik,Joltik (Shadow),Joltik (XL),595,Bug,Electric,319,50,47,50,57,50,65,5,FALSE,TRUE
596,Galvantula,Galvantula (Shadow),Galvantula (XL),596,Bug,Electric,472,70,77,60,97,60,108,5,FALSE,TRUE
597,Ferroseed,Ferroseed (Shadow),Ferroseed (XL),597,Grass,Steel,305,44,50,91,24,86,10,5,FALSE,TRUE
598,Ferrothorn,Ferrothorn (Shadow),Ferrothorn (XL),598,Grass,Steel,489,74,94,131,54,116,20,5,FALSE,TRUE
599,Klink,Klink (Shadow),Klink (XL),599,Steel,,300,40,55,70,45,60,30,5,FALSE,TRUE
600,Klang,Klang (Shadow),Klang (XL),600,Steel,,440,60,80,95,70,85,50,5,FALSE,TRUE
601,Klinklang,Klinklang (Shadow),Klinklang (XL),601,Steel,,520,60,100,115,70,85,90,5,FALSE,TRUE
602,Tynamo,Tynamo (Shadow),Tynamo (XL),602,Electric,,275,35,55,40,45,40,60,5,FALSE,FALSE
603,Eelektrik,Eelektrik (Shadow),Eelektrik (XL),603,Electric,,405,65,85,70,75,70,40,5,FALSE,FALSE
604,Eelektross,Eelektross (Shadow),Eelektross (XL),604,Electric,,515,85,115,80,105,80,50,5,FALSE,FALSE
605,Elgyem,Elgyem (Shadow),Elgyem (XL),605,Psychic,,335,55,55,55,85,55,30,5,FALSE,TRUE
606,Beheeyem,Beheeyem (Shadow),Beheeyem (XL),606,Psychic,,485,75,75,75,125,95,40,5,FALSE,TRUE
607,Litwick,Litwick (Shadow),Litwick (XL),607,Ghost,Fire,275,50,30,55,65,55,20,5,FALSE,TRUE
608,Lampent,Lampent (Shadow),Lampent (XL),608,Ghost,Fire,370,60,40,60,95,60,55,5,FALSE,TRUE
609,Chandelure,Chandelure (Shadow),Chandelure (XL),609,Ghost,Fire,520,60,55,90,145,90,80,5,FALSE,TRUE
610,Axew,Axew (Shadow),Axew (XL),610,Dragon,,320,46,87,60,30,40,57,5,FALSE,TRUE
611,Fraxure,Fraxure (Shadow),Fraxure (XL),611,Dragon,,410,66,117,70,40,50,67,5,FALSE,TRUE
612,Haxorus,Haxorus (Shadow),Haxorus (XL),612,Dragon,,540,76,147,90,60,70,97,5,FALSE,TRUE
613,Cubchoo,Cubchoo (Shadow),Cubchoo (XL),613,Ice,,305,55,70,40,60,40,40,5,FALSE,TRUE
614,Beartic,Beartic (Shadow),Beartic (XL),614,Ice,,485,95,110,80,70,80,50,5,FALSE,TRUE
615,Cryogonal,Cryogonal (Shadow),Cryogonal (XL),615,Ice,,485,70,50,30,95,135,105,5,FALSE,TRUE
616,Shelmet,Shelmet (Shadow),Shelmet (XL),616,Bug,,305,50,40,85,40,65,25,5,FALSE,TRUE
617,Accelgor,Accelgor (Shadow),Accelgor (XL),617,Bug,,495,80,70,40,100,60,145,5,FALSE,TRUE
618,Stunfisk,Stunfisk (Shadow),Stunfisk (XL),618,Ground,Electric,471,109,66,84,81,99,32,5,FALSE,TRUE
619,Mienfoo,Mienfoo (Shadow),Mienfoo (XL),619,Fighting,,350,45,85,50,55,50,65,5,FALSE,FALSE
620,Mienshao,Mienshao (Shadow),Mienshao (XL),620,Fighting,,510,65,125,60,95,60,105,5,FALSE,FALSE
621,Druddigon,Druddigon (Shadow),Druddigon (XL),621,Dragon,,485,77,120,90,60,90,48,5,FALSE,FALSE
622,Golett,Golett (Shadow),Golett (XL),622,Ground,Ghost,303,59,74,50,35,50,35,5,FALSE,TRUE
623,Golurk,Golurk (Shadow),Golurk (XL),623,Ground,Ghost,483,89,124,80,55,80,55,5,FALSE,TRUE
624,Pawniard,Pawniard (Shadow),Pawniard (XL),624,Dark,Steel,340,45,85,70,40,40,60,5,FALSE,TRUE
625,Bisharp,Bisharp (Shadow),Bisharp (XL),625,Dark,Steel,490,65,125,100,60,70,70,5,FALSE,TRUE
626,Bouffalant,Bouffalant (Shadow),Bouffalant (XL),626,Normal,,490,95,110,95,40,95,55,5,FALSE,TRUE
627,Rufflet,Rufflet (Shadow),Rufflet (XL),627,Normal,Flying,350,70,83,50,37,50,60,5,FALSE,TRUE
628,Braviary,Braviary (Shadow),Braviary (XL),628,Normal,Flying,510,100,123,75,57,75,80,5,FALSE,TRUE
629,Vullaby,Vullaby (Shadow),Vullaby (XL),629,Dark,Flying,370,70,55,75,45,65,60,5,FALSE,TRUE
630,Mandibuzz,Mandibuzz (Shadow),Mandibuzz (XL),630,Dark,Flying,510,110,65,105,55,95,80,5,FALSE,TRUE
631,Heatmor,Heatmor (Shadow),Heatmor (XL),631,Fire,,484,85,97,66,105,66,65,5,FALSE,TRUE
632,Durant,Durant (Shadow),Durant (XL),632,Bug,Steel,484,58,109,112,48,48,109,5,FALSE,TRUE
633,Deino,Deino (Shadow),Deino (XL),633,Dark,Dragon,300,52,65,50,45,50,38,5,FALSE,TRUE
634,Zweilous,Zweilous (Shadow),Zweilous (XL),634,Dark,Dragon,420,72,85,70,65,70,58,5,FALSE,TRUE
635,Hydreigon,Hydreigon (Shadow),Hydreigon (XL),635,Dark,Dragon,600,92,105,90,125,90,98,5,FALSE,TRUE
636,Larvesta,Larvesta (Shadow),Larvesta (XL),636,Bug,Fire,360,55,85,55,50,55,60,5,FALSE,FALSE
637,Volcarona,Volcarona (Shadow),Volcarona (XL),637,Bug,Fire,550,85,60,65,135,105,100,5,FALSE,FALSE
638,Cobalion,Cobalion (Shadow),Cobalion (XL),638,Steel,Fighting,580,91,90,129,90,72,108,5,TRUE,TRUE
639,Terrakion,Terrakion (Shadow),Terrakion (XL),639,Rock,Fighting,580,91,129,90,72,90,108,5,TRUE,TRUE
640,Virizion,Virizion (Shadow),Virizion (XL),640,Grass,Fighting,580,91,90,72,90,129,108,5,TRUE,TRUE
641,Tornadus,,,641,Flying,,,,,,,,,,,TRUE
641,TornadusIncarnate Forme,TornadusIncarnate Forme (Shadow),TornadusIncarnate Forme (XL),641,Flying,,580,79,115,70,125,80,111,5,TRUE,TRUE
641,TornadusTherian Forme,TornadusTherian Forme (Shadow),TornadusTherian Forme (XL),641,Flying,,580,79,100,80,110,90,121,5,TRUE,TRUE
642,Thundurus,,,642,Electric,Flying,,,,,,,,,,TRUE
642,ThundurusIncarnate Forme,ThundurusIncarnate Forme (Shadow),ThundurusIncarnate Forme (XL),642,Electric,Flying,580,79,115,70,125,80,111,5,TRUE,TRUE
642,ThundurusTherian Forme,ThundurusTherian Forme (Shadow),ThundurusTherian Forme (XL),642,Electric,Flying,580,79,105,70,145,80,101,5,TRUE,TRUE
643,Reshiram,Reshiram (Shadow),Reshiram (XL),643,Dragon,Fire,680,100,120,100,150,120,90,5,TRUE,TRUE
644,Zekrom,Zekrom (Shadow),Zekrom (XL),644,Dragon,Electric,680,100,150,120,120,100,90,5,TRUE,TRUE
645,Landorus,,,645,Ground,Flying,,,,,,,,,,TRUE
645,LandorusIncarnate Forme,LandorusIncarnate Forme (Shadow),LandorusIncarnate Forme (XL),645,Ground,Flying,600,89,125,90,115,80,101,5,TRUE,TRUE
645,LandorusTherian Forme,LandorusTherian Forme (Shadow),LandorusTherian Forme (XL),645,Ground,Flying,600,89,145,90,105,80,91,5,TRUE,TRUE
646,Kyurem,Kyurem (Shadow),Kyurem (XL),646,Dragon,Ice,660,125,130,90,130,90,95,5,TRUE,FALSE
646,KyuremBlack Kyurem,KyuremBlack Kyurem (Shadow),KyuremBlack Kyurem (XL),646,Dragon,Ice,700,125,170,100,120,90,95,5,TRUE,TRUE
646,KyuremWhite Kyurem,KyuremWhite Kyurem (Shadow),KyuremWhite Kyurem (XL),646,Dragon,Ice,700,125,120,90,170,100,95,5,TRUE,TRUE
647,KeldeoOrdinary Forme,KeldeoOrdinary Forme (Shadow),KeldeoOrdinary Forme (XL),647,Water,Fighting,580,91,72,90,129,90,108,5,FALSE,TRUE
647,KeldeoResolute Forme,KeldeoResolute Forme (Shadow),KeldeoResolute Forme (XL),647,Water,Fighting,580,91,72,90,129,90,108,5,FALSE,TRUE
648,MeloettaAria Forme,MeloettaAria Forme (Shadow),MeloettaAria Forme (XL),648,Normal,Psychic,600,100,77,77,128,128,90,5,FALSE,TRUE
648,MeloettaPirouette Forme,MeloettaPirouette Forme (Shadow),MeloettaPirouette Forme (XL),648,Normal,Fighting,600,100,128,90,77,77,128,5,FALSE,TRUE
649,Genesect,Genesect (Shadow),Genesect (XL),649,Bug,Steel,600,71,120,95,120,95,99,5,FALSE,FALSE
650,Chespin,Chespin (Shadow),Chespin (XL),650,Grass,,313,56,61,65,48,45,38,6,FALSE,TRUE
651,Quilladin,Quilladin (Shadow),Quilladin (XL),651,Grass,,405,61,78,95,56,58,57,6,FALSE,TRUE
652,Chesnaught,Chesnaught (Shadow),Chesnaught (XL),652,Grass,Fighting,530,88,107,122,74,75,64,6,FALSE,TRUE
653,Fennekin,Fennekin (Shadow),Fennekin (XL),653,Fire,,307,40,45,40,62,60,60,6,FALSE,TRUE
654,Braixen,Braixen (Shadow),Braixen (XL),654,Fire,,409,59,59,58,90,70,73,6,FALSE,TRUE
655,Delphox,Delphox (Shadow),Delphox (XL),655,Fire,Psychic,534,75,69,72,114,100,104,6,FALSE,TRUE
656,Froakie,Froakie (Shadow),Froakie (XL),656,Water,,314,41,56,40,62,44,71,6,FALSE,TRUE
657,Frogadier,Frogadier (Shadow),Frogadier (XL),657,Water,,405,54,63,52,83,56,97,6,FALSE,TRUE
658,Greninja,Greninja (Shadow),Greninja (XL),658,Water,Dark,530,72,95,67,103,71,122,6,FALSE,TRUE
659,Bunnelby,Bunnelby (Shadow),Bunnelby (XL),659,Normal,,237,38,36,38,32,36,57,6,FALSE,TRUE
660,Diggersby,Diggersby (Shadow),Diggersby (XL),660,Normal,Ground,423,85,56,77,50,77,78,6,FALSE,TRUE
661,Fletchling,Fletchling (Shadow),Fletchling (XL),661,Normal,Flying,278,45,50,43,40,38,62,6,FALSE,TRUE
662,Fletchinder,Fletchinder (Shadow),Fletchinder (XL),662,Fire,Flying,382,62,73,55,56,52,84,6,FALSE,TRUE
663,Talonflame,Talonflame (Shadow),Talonflame (XL),663,Fire,Flying,499,78,81,71,74,69,126,6,FALSE,TRUE
664,Scatterbug,Scatterbug (Shadow),Scatterbug (XL),664,Bug,,200,38,35,40,27,25,35,6,FALSE,FALSE
665,Spewpa,Spewpa (Shadow),Spewpa (XL),665,Bug,,213,45,22,60,27,30,29,6,FALSE,FALSE
666,Vivillon,Vivillon (Shadow),Vivillon (XL),666,Bug,Flying,411,80,52,50,90,50,89,6,FALSE,FALSE
667,Litleo,Litleo (Shadow),Litleo (XL),667,Fire,Normal,369,62,50,58,73,54,72,6,FALSE,TRUE
668,Pyroar,Pyroar (Shadow),Pyroar (XL),668,Fire,Normal,507,86,68,72,109,66,106,6,FALSE,TRUE
669,Flabébé,Flabébé (Shadow),Flabébé (XL),669,Fairy,,303,44,38,39,61,79,42,6,FALSE,TRUE
670,Floette,Floette (Shadow),Floette (XL),670,Fairy,,371,54,45,47,75,98,52,6,FALSE,FALSE
671,Florges,Florges (Shadow),Florges (XL),671,Fairy,,552,78,65,68,112,154,75,6,FALSE,FALSE
672,Skiddo,Skiddo (Shadow),Skiddo (XL),672,Grass,,350,66,65,48,62,57,52,6,FALSE,FALSE
673,Gogoat,Gogoat (Shadow),Gogoat (XL),673,Grass,,531,123,100,62,97,81,68,6,FALSE,FALSE
674,Pancham,Pancham (Shadow),Pancham (XL),674,Fighting,,348,67,82,62,46,48,43,6,FALSE,FALSE
675,Pangoro,Pangoro (Shadow),Pangoro (XL),675,Fighting,Dark,495,95,124,78,69,71,58,6,FALSE,FALSE
676,Furfrou,Furfrou (Shadow),Furfrou (XL),676,Normal,,472,75,80,60,65,90,102,6,FALSE,FALSE
677,Espurr,Espurr (Shadow),Espurr (XL),677,Psychic,,355,62,48,54,63,60,68,6,FALSE,TRUE
678,Meowstic,,,678,Psychic,,,,,,,,,,,TRUE
678,MeowsticMale,MeowsticMale (Shadow),MeowsticMale (XL),678,Psychic,,466,74,48,76,83,81,104,6,FALSE,TRUE
678,MeowsticFemale,MeowsticFemale (Shadow),MeowsticFemale (XL),678,Psychic,,466,74,48,76,83,81,104,6,FALSE,TRUE
679,Honedge,Honedge (Shadow),Honedge (XL),679,Steel,Ghost,325,45,80,100,35,37,28,6,FALSE,FALSE
680,Doublade,Doublade (Shadow),Doublade (XL),680,Steel,Ghost,448,59,110,150,45,49,35,6,FALSE,FALSE
681,AegislashBlade Forme,AegislashBlade Forme (Shadow),AegislashBlade Forme (XL),681,Steel,Ghost,520,60,150,50,150,50,60,6,FALSE,TRUE
681,AegislashShield Forme,AegislashShield Forme (Shadow),AegislashShield Forme (XL),681,Steel,Ghost,520,60,50,150,50,150,60,6,FALSE,TRUE
682,Spritzee,Spritzee (Shadow),Spritzee (XL),682,Fairy,,341,78,52,60,63,65,23,6,FALSE,FALSE
683,Aromatisse,Aromatisse (Shadow),Aromatisse (XL),683,Fairy,,462,101,72,72,99,89,29,6,FALSE,FALSE
684,Swirlix,Swirlix (Shadow),Swirlix (XL),684,Fairy,,341,62,48,66,59,57,49,6,FALSE,FALSE
685,Slurpuff,Slurpuff (Shadow),Slurpuff (XL),685,Fairy,,480,82,80,86,85,75,72,6,FALSE,FALSE
686,Inkay,Inkay (Shadow),Inkay (XL),686,Dark,Psychic,288,53,54,53,37,46,45,6,FALSE,FALSE
687,Malamar,Malamar (Shadow),Malamar (XL),687,Dark,Psychic,482,86,92,88,68,75,73,6,FALSE,FALSE
688,Binacle,Binacle (Shadow),Binacle (XL),688,Rock,Water,306,42,52,67,39,56,50,6,FALSE,FALSE
689,Barbaracle,Barbaracle (Shadow),Barbaracle (XL),689,Rock,Water,500,72,105,115,54,86,68,6,FALSE,FALSE
690,Skrelp,Skrelp (Shadow),Skrelp (XL),690,Poison,Water,320,50,60,60,60,60,30,6,FALSE,FALSE
691,Dragalge,Dragalge (Shadow),Dragalge (XL),691,Poison,Dragon,494,65,75,90,97,123,44,6,FALSE,FALSE
692,Clauncher,Clauncher (Shadow),Clauncher (XL),692,Water,,330,50,53,62,58,63,44,6,FALSE,FALSE
693,Clawitzer,Clawitzer (Shadow),Clawitzer (XL),693,Water,,500,71,73,88,120,89,59,6,FALSE,FALSE
694,Helioptile,Helioptile (Shadow),Helioptile (XL),694,Electric,Normal,289,44,38,33,61,43,70,6,FALSE,FALSE
695,Heliolisk,Heliolisk (Shadow),Heliolisk (XL),695,Electric,Normal,481,62,55,52,109,94,109,6,FALSE,FALSE
696,Tyrunt,Tyrunt (Shadow),Tyrunt (XL),696,Rock,Dragon,362,58,89,77,45,45,48,6,FALSE,FALSE
697,Tyrantrum,Tyrantrum (Shadow),Tyrantrum (XL),697,Rock,Dragon,521,82,121,119,69,59,71,6,FALSE,FALSE
698,Amaura,Amaura (Shadow),Amaura (XL),698,Rock,Ice,362,77,59,50,67,63,46,6,FALSE,FALSE
699,Aurorus,Aurorus (Shadow),Aurorus (XL),699,Rock,Ice,521,123,77,72,99,92,58,6,FALSE,FALSE
700,Sylveon,Sylveon (Shadow),Sylveon (XL),700,Fairy,,525,95,65,65,110,130,60,6,FALSE,FALSE
701,Hawlucha,Hawlucha (Shadow),Hawlucha (XL),701,Fighting,Flying,500,78,92,75,74,63,118,6,FALSE,FALSE
702,Dedenne,Dedenne (Shadow),Dedenne (XL),702,Electric,Fairy,431,67,58,57,81,67,101,6,FALSE,FALSE
703,Carbink,Carbink (Shadow),Carbink (XL),703,Rock,Fairy,500,50,50,150,50,150,50,6,FALSE,FALSE
704,Goomy,Goomy (Shadow),Goomy (XL),704,Dragon,,300,45,50,35,55,75,40,6,FALSE,FALSE
705,Sliggoo,Sliggoo (Shadow),Sliggoo (XL),705,Dragon,,452,68,75,53,83,113,60,6,FALSE,FALSE
706,Goodra,Goodra (Shadow),Goodra (XL),706,Dragon,,600,90,100,70,110,150,80,6,FALSE,FALSE
707,Klefki,Klefki (Shadow),Klefki (XL),707,Steel,Fairy,470,57,80,91,80,87,75,6,FALSE,TRUE
708,Phantump,Phantump (Shadow),Phantump (XL),708,Ghost,Grass,309,43,70,48,50,60,38,6,FALSE,FALSE
709,Trevenant,Trevenant (Shadow),Trevenant (XL),709,Ghost,Grass,474,85,110,76,65,82,56,6,FALSE,FALSE
710,PumpkabooAverage Size,PumpkabooAverage Size (Shadow),PumpkabooAverage Size (XL),710,Ghost,Grass,335,49,66,70,44,55,51,6,FALSE,TRUE
710,PumpkabooSmall Size,PumpkabooSmall Size (Shadow),PumpkabooSmall Size (XL),710,Ghost,Grass,335,44,66,70,44,55,56,6,FALSE,TRUE
710,PumpkabooLarge Size,PumpkabooLarge Size (Shadow),PumpkabooLarge Size (XL),710,Ghost,Grass,335,54,66,70,44,55,46,6,FALSE,TRUE
710,PumpkabooSuper Size,PumpkabooSuper Size (Shadow),PumpkabooSuper Size (XL),710,Ghost,Grass,335,59,66,70,44,55,41,6,FALSE,TRUE
711,GourgeistAverage Size,GourgeistAverage Size (Shadow),GourgeistAverage Size (XL),711,Ghost,Grass,494,65,90,122,58,75,84,6,FALSE,TRUE
711,GourgeistSmall Size,GourgeistSmall Size (Shadow),GourgeistSmall Size (XL),711,Ghost,Grass,494,55,85,122,58,75,99,6,FALSE,TRUE
711,GourgeistLarge Size,GourgeistLarge Size (Shadow),GourgeistLarge Size (XL),711,Ghost,Grass,494,75,95,122,58,75,69,6,FALSE,TRUE
711,GourgeistSuper Size,GourgeistSuper Size (Shadow),GourgeistSuper Size (XL),711,Ghost,Grass,494,85,100,122,58,75,54,6,FALSE,TRUE
712,Bergmite,Bergmite (Shadow),Bergmite (XL),712,Ice,,304,55,69,85,32,35,28,6,FALSE,FALSE
713,Avalugg,Avalugg (Shadow),Avalugg (XL),713,Ice,,514,95,117,184,44,46,28,6,FALSE,FALSE
714,Noibat,Noibat (Shadow),Noibat (XL),714,Flying,Dragon,245,40,30,35,45,40,55,6,FALSE,TRUE
715,Noivern,Noivern (Shadow),Noivern (XL),715,Flying,Dragon,535,85,70,80,97,80,123,6,FALSE,TRUE
716,Xerneas,Xerneas (Shadow),Xerneas (XL),716,Fairy,,680,126,131,95,131,98,99,6,TRUE,FALSE
717,Yveltal,Yveltal (Shadow),Yveltal (XL),717,Dark,Flying,680,126,131,95,131,98,99,6,TRUE,FALSE
718,Zygarde50% Forme,Zygarde50% Forme (Shadow),Zygarde50% Forme (XL),718,Dragon,Ground,600,108,100,121,81,95,95,6,TRUE,TRUE
719,Diancie,Diancie (Shadow),Diancie (XL),719,Rock,Fairy,600,50,100,150,100,150,50,6,TRUE,TRUE
719,DiancieMega Diancie,DiancieMega Diancie (Shadow),DiancieMega Diancie (XL),719,Rock,Fairy,700,50,160,110,160,110,110,6,TRUE,TRUE
720,HoopaHoopa Confined,HoopaHoopa Confined (Shadow),HoopaHoopa Confined (XL),720,Psychic,Ghost,600,80,110,60,150,130,70,6,TRUE,TRUE
720,HoopaHoopa Unbound,HoopaHoopa Unbound (Shadow),HoopaHoopa Unbound (XL),720,Psychic,Dark,680,80,160,60,170,130,80,6,TRUE,TRUE
721,Volcanion,Volcanion (Shadow),Volcanion (XL),721,Fire,Water,600,80,110,120,130,90,70,6,TRUE,TRUE
808,Meltan,Meltan (Shadow),Meltan (XL),808,Steel,,,,,,,,,,,TRUE
809,Melmetal,Melmetal (Shadow),Melmetal (XL),809,Steel,,,,,,,,,,,TRUE
862,Obstagoon,Obstagoon (Shadow),Obstagoon (XL),862,Dark,Normal,,,,,,,,,,TRUE
863,Perrserker,Perrserker (Shadow),Perrserker (XL),863,Steel,,,,,,,,,,,TRUE
865,Sirfetch'd,Sirfetch'd (Shadow),Sirfetch'd (XL),865,Fighting,,,,,,,,,,,TRUE
866,Mr. Rime,Mr. Rime (Shadow),Mr. Rime (XL),866,Ice,Psychic,,,,,,,,,,TRUE
867,Runerigus,Runerigus (Shadow),Runerigus (XL),867,Ground,Ghost,,,,,,,,,,TRUE
,,,,,,,,,,,,,,,,
641,Tornadus (Incarnate),Tornadus (Incarnate) (Shadow),Tornadus (Incarnate) (XL),641,Flying,,,,,,,,,,,TRUE
678,Meowstic (Female),Meowstic (Female) (Shadow),Meowstic (Female) (XL),678,Psychic,,,,,,,,,,,TRUE
678,Meowstic (Male),Meowstic (Male) (Shadow),Meowstic (Male) (XL),678,Psychic,,,,,,,,,,,TRUE
38,Ninetales (Alolan XL),Ninetales (Alolan XL) (Shadow),Ninetales (Alolan XL) (XL),38,Fire,,,,,,,,,,,TRUE
487,Giratina (Origin),Giratina (Origin) (Shadow),Giratina (Origin) (XL),487,Ghost,Dragon,,,,,,,,,,TRUE
38,Ninetales (Alolan),Ninetales (Alolan) (Shadow),Ninetales (Alolan) (XL),38,Fire,,,,,,,,,,,TRUE
487,Giratina (Altered),Giratina (Altered) (Shadow),Giratina (Altered) (XL),487,Ghost,Dragon,,,,,,,,,,TRUE
110,Weezing (Galarian),Weezing (Galarian) (Shadow),Weezing (Galarian) (XL),110,Poison,,,,,,,,,,,TRUE
28,Sandslash (Alolan XL),Sandslash (Alolan XL) (Shadow),Sandslash (Alolan XL) (XL),28,Ground,,,,,,,,,,,TRUE
28,Sandslash (Alolan),Sandslash (Alolan) (Shadow),Sandslash (Alolan) (XL),28,Ground,,,,,,,,,,,TRUE
386,Deoxys (Speed),Deoxys (Speed) (Shadow),Deoxys (Speed) (XL),386,Psychic,,,,,,,,,,,TRUE
150,Mewtwo (Armored),Mewtwo (Armored) (Shadow),Mewtwo (Armored) (XL),150,Psychic,,,,,,,,,,,TRUE
76,Golem (Alolan),Golem (Alolan) (Shadow),Golem (Alolan) (XL),76,Rock,Ground,,,,,,,,,,TRUE
862,Obstagoon,Obstagoon (Shadow),Obstagoon (XL),862,Dark,Normal,,,,,,,,,,TRUE
479,Rotom (Wash),Rotom (Wash) (Shadow),Rotom (Wash) (XL),479,Electric,Ghost,,,,,,,,,,TRUE
423,Gastrodon (East),Gastrodon (East) (Shadow),Gastrodon (East) (XL),423,Water,Ground,,,,,,,,,,TRUE
423,Gastrodon (West),Gastrodon (West) (Shadow),Gastrodon (West) (XL),423,Water,Ground,,,,,,,,,,TRUE
555,Darmanitan (Galarian),Darmanitan (Galarian) (Shadow),Darmanitan (Galarian) (XL),555,Fire,,,,,,,,,,,TRUE
866,Mr. Rime,Mr. Rime (Shadow),Mr. Rime (XL),866,Ice,Psychic,,,,,,,,,,TRUE
78,Rapidash (Galarian),Rapidash (Galarian) (Shadow),Rapidash (Galarian) (XL),78,Fire,,,,,,,,,,,TRUE
645,Landorus (Incarnate),Landorus (Incarnate) (Shadow),Landorus (Incarnate) (XL),645,Ground,Flying,,,,,,,,,,TRUE
89,Muk (Alolan),Muk (Alolan) (Shadow),Muk (Alolan) (XL),89,Poison,,,,,,,,,,,TRUE
103,Exeggutor (Alolan),Exeggutor (Alolan) (Shadow),Exeggutor (Alolan) (XL),103,Grass,Psychic,,,,,,,,,,TRUE
865,Sirfetchd,Sirfetchd (Shadow),Sirfetchd (XL),865,Fighting,,,,,,,,,,,TRUE
649,Genesect (Burn),Genesect (Burn) (Shadow),Genesect (Burn) (XL),649,Bug,Steel,,,,,,,,,,TRUE
642,Thundurus (Incarnate),Thundurus (Incarnate) (Shadow),Thundurus (Incarnate) (XL),642,Electric,Flying,,,,,,,,,,TRUE
421,Cherrim (Overcast),Cherrim (Overcast) (Shadow),Cherrim (Overcast) (XL),421,Grass,,,,,,,,,,,TRUE
618,Stunfisk (Galarian XL),Stunfisk (Galarian XL) (Shadow),Stunfisk (Galarian XL) (XL),618,Ground,Electric,,,,,,,,,,TRUE
618,Stunfisk (Galarian),Stunfisk (Galarian) (Shadow),Stunfisk (Galarian) (XL),618,Ground,Electric,,,,,,,,,,TRUE
26,Raichu (Alolan XL),Raichu (Alolan XL) (Shadow),Raichu (Alolan XL) (XL),26,Electric,,,,,,,,,,,TRUE
26,Raichu (Alolan),Raichu (Alolan) (Shadow),Raichu (Alolan) (XL),26,Electric,,,,,,,,,,,TRUE
386,Deoxys (Defense),Deoxys (Defense) (Shadow),Deoxys (Defense) (XL),386,Psychic,,,,,,,,,,,TRUE
421,Cherrim (Sunshine),Cherrim (Sunshine) (Shadow),Cherrim (Sunshine) (XL),421,Grass,,,,,,,,,,,TRUE
555,Darmanitan (Standard),Darmanitan (Standard) (Shadow),Darmanitan (Standard) (XL),555,Fire,,,,,,,,,,,TRUE
809,Melmetal,Melmetal (Shadow),Melmetal (XL),809,Steel,,,,,,,,,,,TRUE
863,Perrserker,Perrserker (Shadow),Perrserker (XL),863,Steel,,,,,,,,,,,TRUE
,,,,,,,,,,,,,,,,
351,Castform (Rainy),,,,Normal,,,,,,,,,,,TRUE
351,Castform (Snowy),,,,Normal,,,,,,,,,,,TRUE
351,Castform (Sunny),,,,Normal,,,,,,,,,,,TRUE
554,Darumaka (Galarian),,,,Fire,,,,,,,,,,,TRUE
51,Dugtrio (Alolan),,,,Ground,,,,,,,,,,,TRUE
83,Farfetchd (Galarian),,,,Normal,Flying,,,,,,,,,,TRUE
74,Geodude (Alolan),,,,Rock,Ground,,,,,,,,,,TRUE
75,Graveler (Alolan),,,,Rock,Ground,,,,,,,,,,TRUE
88,Grimer (Alolan),,,,Poison,,,,,,,,,,,TRUE
264,Linoone (Galarian),,,,Normal,,,,,,,,,,,TRUE
105,Marowak (Alolan),,,,Ground,,,,,,,,,,,TRUE
122,Mr. Mime (Galarian),,,,Psychic,Fairy,,,,,,,,,,TRUE
53,Persian (Alolan),,,,Normal,,,,,,,,,,,TRUE
77,Ponyta (Galarian),,,,Fire,,,,,,,,,,,TRUE
20,Raticate (Alolan),,,,Normal,,,,,,,,,,,TRUE
27,Sandshrew (Alolan XL),,,,Ground,,,,,,,,,,,TRUE
27,Sandshrew (Alolan),,,,Ground,,,,,,,,,,,TRUE
422,Shellos (East),,,,Water,,,,,,,,,,,TRUE
422,Shellos (West),,,,Water,,,,,,,,,,,TRUE
413,Wormadam (Plant),,,,Bug,Grass,,,,,,,,,,TRUE
413,Wormadam (Sandy),,,,Bug,Grass,,,,,,,,,,TRUE
413,Wormadam (Trash),,,,Bug,Grass,,,,,,,,,,TRUE
,,,,,,,,,,,,,,,,
460,Abomasnow (Shadow XL),,,,Grass,Ice,,,,,,,,,,TRUE
38,Ninetales (Shadow XL),,,,Fire,,,,,,,,,,,TRUE
186,Politoed (Shadow XL),,,,Water,,,,,,,,,,,TRUE
275,Shiftry (Shadow XL),,,,Grass,Dark,,,,,,,,,,TRUE
,,,,,,,,,,,,,,,,
460,Mega Abomasnow,,,460,Grass,Ice,,,,,,,,,,TRUE
359,Mega Absol,,,359,Dark,,,,,,,,,,,FALSE
142,Mega Aerodactyl,,,142,Rock,Flying,,,,,,,,,,FALSE
306,Mega Aggron,,,306,Steel,,,,,,,,,,,FALSE
65,Mega Alakazam,,,65,Psychic,,,,,,,,,,,FALSE
334,Mega Altaria,,,334,Dragon,Fairy,,,,,,,,,,FALSE
181,Mega Ampharos,,,181,Electric,Dragon,,,,,,,,,,TRUE
531,Mega Audino,,,531,Normal,Fairy,,,,,,,,,,FALSE
354,Mega Banette,,,354,Ghost,,,,,,,,,,,FALSE
15,Mega Beedrill,,,15,Bug,Poison,,,,,,,,,,TRUE
9,Mega Blastoise,,,9,Water,,,,,,,,,,,TRUE
257,Mega Blaziken,,,257,Fire,Fighting,,,,,,,,,,FALSE
323,Mega Camerupt,,,323,Fire,Ground,,,,,,,,,,FALSE
6,Mega Charizard X,,,6,Fire,Dragon,,,,,,,,,,TRUE
6,Mega Charizard Y,,,6,Fire,Flying,,,,,,,,,,TRUE
475,Mega Gallade,,,475,Psychic,Fighting,,,,,,,,,,FALSE
445,Mega Garchomp,,,445,Dragon,Ground,,,,,,,,,,FALSE
282,Mega Gardevoir,,,282,Psychic,Fairy,,,,,,,,,,FALSE
94,Mega Gengar,,,94,Ghost,Poison,,,,,,,,,,FALSE
362,Mega Glalie,,,362,Ice,,,,,,,,,,,FALSE
130,Mega Gyarados,,,130,Water,Dark,,,,,,,,,,TRUE
214,Mega Heracross,,,214,Bug,Fighting,,,,,,,,,,FALSE
229,Mega Houndoom,,,229,Dark,Fire,,,,,,,,,,TRUE
115,Mega Kangaskhan,,,115,Normal,,,,,,,,,,,FALSE
380,Mega Latias,,,380,Dragon,Psychic,,,,,,,,,,FALSE
381,Mega Latios,,,381,Dragon,Psychic,,,,,,,,,,FALSE
428,Mega Lopunny,,,428,Normal,Fighting,,,,,,,,,,TRUE
448,Mega Lucario,,,448,Fighting,Steel,,,,,,,,,,FALSE
310,Mega Manectric,,,310,Electric,,,,,,,,,,,TRUE
303,Mega Mawile,,,303,Steel,Fairy,,,,,,,,,,FALSE
308,Mega Medicham,,,308,Fighting,Psychic,,,,,,,,,,FALSE
376,Mega Metagross,,,376,Steel,Psychic,,,,,,,,,,FALSE
150,Mega Mewtwo X,,,150,Psychic,Fighting,,,,,,,,,,FALSE
150,Mega Mewtwo Y,,,150,Psychic,,,,,,,,,,,FALSE
18,Mega Pidgeot,,,18,Normal,Flying,,,,,,,,,,TRUE
127,Mega Pinsir,,,127,Bug,Flying,,,,,,,,,,FALSE
384,Mega Rayquaza,,,384,Dragon,Flying,,,,,,,,,,FALSE
302,Mega Sableye,,,302,Dark,Ghost,,,,,,,,,,FALSE
373,Mega Salamence,,,373,Dragon,Flying,,,,,,,,,,FALSE
254,Mega Sceptile,,,254,Grass,Dragon,,,,,,,,,,FALSE
212,Mega Scizor,,,212,Bug,Steel,,,,,,,,,,FALSE
319,Mega Sharpedo,,,319,Water,Dark,,,,,,,,,,FALSE
80,Mega Slowbro,,,80,Water,Psychic,,,,,,,,,,FALSE
208,Mega Steelix,,,208,Steel,Ground,,,,,,,,,,FALSE
260,Mega Swampert,,,260,Water,Ground,,,,,,,,,,FALSE
248,Mega Tyranitar,,,248,Rock,Dark,,,,,,,,,,FALSE
3,Mega Venusaur,,,3,Grass,Poison,,,,,,,,,,TRUE
