Pokemon,Score,Type 1,Type 2,Attack,Defense,Stamina,Stat Product,Level,Fast Move,Charged Move 1,Charged Move 2,Buddy Distance,Charged Move Cost
Medicham,96.1,fighting,psychic,105,140.3,142,2093069,50,Counter,Ice Punch,Psychic,3,50000
Azumarill,94,water,fairy,93.7,134.1,190,2387435,43.5,Bubble,Ice Beam,Hydro Pump,3,50000
Stunfisk (Galarian),94,ground,steel,101.8,127.9,169,2200089,26.5,Mud Shot,Rock Slide,Earthquake,5,75000
Altaria,93.5,dragon,flying,103.4,153.3,136,2156405,28.5,Dragon Breath,Sky Attack,Dragon Pulse,1,10000
Sableye,93,dark,ghost,121,123.5,124,1853355,45.5,Shadow Claw,Foul Play,Return,5,75000
Bastiodon,92.9,rock,steel,81.1,246.7,138,2761698,47.5,Smack Down,Stone Edge,Flamethrower,5,75000
Jellicent,92.9,water,ghost,106.7,124.3,157,2082451,24,Hex,Bubble Beam,Shadow Ball,3,50000
Deoxys (Defense),92.7,psychic,none,101,221.5,98,2192628,23.5,Counter,Psycho Boost,Thunderbolt,20,100000
Azumarill,92.4,water,fairy,95.3,130.7,188,2341657,39.5,Bubble,Ice Beam,Hydro Pump,3,50000
Swampert (Shadow),92.3,water,ground,123,108.6,136,1815930,18.5,Mud Shot,Hydro Cannon,Sludge Wave,3,10000
Swampert,92,water,ground,123,108.6,136,1815930,18.5,Mud Shot,Hydro Cannon,Sludge Wave,3,10000
Cresselia,91.5,psychic,none,93.2,158.3,163,2404853,20,Psycho Cut,Grass Knot,Moonblast,20,100000
Scrafty,91.5,dark,fighting,110.4,155.4,117,2007526,24.5,Counter,Foul Play,Power-Up Punch,3,50000
Machamp (Shadow),91.4,fighting,none,136.4,97.2,124,1644073,17.5,Counter,Cross Chop,Rock Slide,3,50000
Lickitung,91.2,normal,none,98.3,126.9,183,2282878,50,Lick,Body Slam,Power Whip,3,50000
Mandibuzz,91.1,dark,flying,92.3,149.2,176,2424943,27,Snarl,Foul Play,Aerial Ace,5,75000
Diggersby,90.7,normal,ground,96.3,141.2,171,2324733,48,Mud Shot,Fire Punch,Earthquake,1,10000
Medicham,90.6,fighting,psychic,107.5,132,134,1900834,40,Counter,Ice Punch,Psychic,3,50000
Politoed (Shadow),90.3,water,none,114.7,121.7,140,1954251,23,Mud Shot,Weather Ball (Water),Earthquake,3,50000
Wobbuffet,90.2,psychic,none,63,101.7,333,2133829,50,Counter,Return,Mirror Coat,3,50000
Abomasnow (Shadow),90,grass,ice,117.9,111.4,143,1877258,23.5,Powder Snow,Weather Ball (Ice),Energy Ball,3,50000
Registeel,90,steel,none,95.5,189.6,130,2353244,23,Lock On,Flash Cannon,Focus Blast,20,100000
Skarmory,90,steel,flying,106.2,163.1,122,2113576,27,Air Slash,Brave Bird,Sky Attack,5,75000
Umbreon,89.8,dark,none,90.2,177,155,2475791,27,Snarl,Foul Play,Last Resort,5,75000
Zweilous,89.8,dark,dragon,121,109.2,140,1849588,31,Dragon Breath,Body Slam,Dark Pulse,5,75000
Hitmontop,89.4,fighting,none,121.7,151.3,100,1841514,26.5,Counter,Close Combat,Stone Edge,5,75000
Ninetales (Alolan),89.3,ice,fairy,115.1,133.6,126,1936253,24.5,Powder Snow,Weather Ball (Ice),Dazzling Gleam,3,50000
Sableye,89.3,dark,ghost,123.3,119.3,120,1765496,40,Shadow Claw,Foul Play,Return,5,75000
Bastiodon,89.2,rock,steel,84.7,236.2,132,2641811,39,Smack Down,Stone Edge,Flamethrower,5,75000
Regirock,89.2,rock,none,103.7,180.2,115,2149641,18,Lock On,Stone Edge,Focus Blast,20,100000
Politoed,89.1,water,none,114.7,121.7,140,1954251,23,Mud Shot,Weather Ball (Water),Earthquake,3,50000
Tropius,89,grass,flying,101.4,127.3,170,2195741,29,Air Slash,Leaf Blade,Aerial Ace,5,75000
Chesnaught,88.9,grass,fighting,119.9,124.6,125,1868328,19,Vine Whip,Superpower,Energy Ball,3,10000
Castform (Rainy),88.8,water,none,113.4,119.6,146,1979669,38.5,Water Gun,Weather Ball (Water),Thunder,5,75000
Vigoroth,88.7,normal,none,117.7,112.7,144,1909363,28.5,Counter,Body Slam,Bulldoze,5,75000
Meganium,88.6,grass,none,111.5,138.4,130,2005358,23,Vine Whip,Frenzy Plant,Earthquake,3,10000
Mew,88.6,psychic,none,120.5,119.4,129,1855163,16.5,Shadow Claw,Wild Charge,Surf,20,100000
Drifblim,88.4,ghost,flying,119.8,75,208,1867826,23,Hex,Icy Wind,Shadow Ball,5,75000
Abomasnow,88.2,grass,ice,117.9,111.4,143,1877258,23.5,Powder Snow,Weather Ball (Ice),Energy Ball,3,50000
Dewgong,88.2,water,ice,102.9,133.8,158,2174933,29,Ice Shard,Icy Wind,Water Pulse,3,50000
Machamp,88.1,fighting,none,136.4,97.2,124,1644073,17.5,Counter,Cross Chop,Rock Slide,3,50000
Venusaur,88.1,grass,poison,122.5,121.9,122,1820851,20,Vine Whip,Frenzy Plant,Sludge Bomb,3,10000
Whiscash,88.1,water,ground,107.6,107.6,178,2060545,27,Mud Shot,Mud Bomb,Blizzard,1,10000
Pachirisu,87.8,electric,none,91.6,157.1,142,2043738,50,Volt Switch,Thunder Punch,Thunderbolt,5,75000
Primeape,87.7,fighting,none,140.2,99.2,115,1598880,24.5,Counter,Night Slash,Close Combat,3,50000
Chansey,87.5,normal,none,63,120.2,421,3188219,50,Pound,Psychic,Hyper Beam,5,75000
Froslass,87.4,ice,ghost,122.6,115.6,128,1813850,27.5,Powder Snow,Avalanche,Shadow Ball,3,50000
Pelipper,87.3,water,flying,123.3,128.7,114,1809463,26,Wing Attack,Weather Ball (Water),Hurricane,3,50000
Skarmory (Shadow),87.2,steel,flying,106.2,163.1,122,2113576,27,Air Slash,Brave Bird,Sky Attack,5,75000
Castform (Snowy),87.1,ice,none,113.4,119.6,146,1979669,38.5,Powder Snow,Weather Ball (Ice),Blizzard,5,75000
Hariyama,87,fighting,none,125.6,75.5,186,1764581,19.5,Counter,Close Combat,Heavy Slam,3,50000
Zapdos (Shadow),87,electric,flying,136.2,104.7,115,1639560,15.5,Thunder Shock,Drill Peck,Thunderbolt,20,100000
Mantine,86.9,water,flying,106.2,163.1,122,2113576,27,Bubble,Bubble Beam,Ice Beam,5,75000
Lucario,86.7,fighting,steel,145.8,95.6,110,1532231,20.5,Counter,Power-Up Punch,Shadow Ball,5,75000
Zapdos,86.6,electric,flying,136.2,104.7,115,1639560,15.5,Thunder Shock,Drill Peck,Thunder,20,100000
Flygon (Shadow),86.5,ground,dragon,129.2,109.6,123,1740871,21,Mud Shot,Dragon Claw,Earth Power,5,75000
Galvantula,86.5,bug,electric,139,93.8,124,1615746,25.5,Volt Switch,Discharge,Lunge,3,50000
Lapras,86.5,water,ice,104.7,114,179,2135530,21.5,Ice Shard,Surf,Skull Bash,5,75000
Shiftry (Shadow),86.4,grass,dark,134.2,87.7,142,1670632,24,Snarl,Leaf Blade,Foul Play,3,50000
Talonflame,86.4,fire,flying,122.1,114.7,131,1834291,25.5,Incinerate,Brave Bird,Flame Charge,1,10000
Lanturn,86.3,water,electric,104.8,104.8,194,2131348,27,Spark,Thunderbolt,Hydro Pump,3,50000
Quagsire,86.2,water,ground,111.3,112,161,2005558,28.5,Mud Shot,Earthquake,Stone Edge,3,50000
Sableye (Shadow),86.2,dark,ghost,121,123.5,124,1853355,45.5,Shadow Claw,Foul Play,Power Gem,5,75000
Snorlax,86.1,normal,none,108.4,101.7,187,2061936,17.5,Lick,Body Slam,Superpower,5,75000
Obstagoon,86,dark,normal,112.6,126.7,138,1969669,21,Counter,Night Slash,Gunk Shot,3,10000
Wigglytuff,85.9,normal,fairy,115.8,75.5,220,1924765,29,Charm,Ice Beam,Play Rough,1,10000
Shiftry,85.8,grass,dark,134.2,87.7,142,1670632,24,Snarl,Leaf Blade,Foul Play,3,50000
Alomomola,85.7,water,none,96.7,98.8,240,2292831,26,Waterfall,Psychic,Hydro Pump,5,75000
Venusaur (Shadow),85.7,grass,poison,122.5,121.9,122,1820851,20,Vine Whip,Frenzy Plant,Sludge Bomb,3,10000
Escavalier,85.6,bug,steel,133.9,116.8,107,1673454,19.5,Counter,Drill Run,Megahorn,3,50000
Ferrothorn,85.6,grass,steel,107.3,155.1,125,2080828,24,Bullet Seed,Power Whip,Thunder,3,75000
Bellossom,85.5,grass,none,115.7,132.9,126,1937741,24.5,Bullet Seed,Leaf Blade,Return,3,50000
Raikou (Shadow),85.3,electric,none,130.9,110.1,118,1700490,16,Thunder Shock,Wild Charge,Shadow Ball,20,100000
Goodra,85.2,dragon,none,119.7,136.8,114,1866601,16,Dragon Breath,Power Whip,Muddy Water,5,75000
Sirfetch'd,85.2,fighting,none,145.9,107.4,98,1536689,18.5,Counter,Leaf Blade,Night Slash,3,50000
Lapras (Shadow),85.1,water,ice,104.7,114,179,2135530,21.5,Ice Shard,Surf,Skull Bash,5,75000
Serperior,85.1,grass,none,110.2,143.6,128,2025814,25,Vine Whip,Frenzy Plant,Aerial Ace,3,10000
Cradily,85,rock,grass,106.3,139,143,2111521,26,Bullet Seed,Stone Edge,Grass Knot,3,50000
Machoke,84.9,fighting,none,127.7,97.2,141,1750103,27,Karate Chop,Cross Chop,Dynamic Punch,3,50000
Clefable,84.8,fairy,none,117.2,111.5,146,1908090,23,Charm,Moonblast,Meteor Mash,1,10000
Dragonite (Shadow),84.8,dragon,flying,135.8,108.4,111,1633580,14.5,Dragon Breath,Dragon Claw,Hurricane,5,75000
Jumpluff (Shadow),84.8,grass,flying,97,153.5,155,2308399,41,Bullet Seed,Aerial Ace,Energy Ball,3,50000
Magnezone (Shadow),84.8,electric,steel,134.9,120.1,102,1652719,17,Spark,Wild Charge,Mirror Shot,3,50000
Munchlax,84.7,normal,none,104,95.2,218,2158275,31,Lick,Body Slam,Bulldoze,5,10000
Snorlax (Shadow),84.7,normal,none,108.4,101.7,187,2061936,17.5,Lick,Body Slam,Superpower,5,75000
Blastoise,84.6,water,none,111.5,140.7,127,1992357,22.5,Water Gun,Hydro Cannon,Ice Beam,3,10000
Empoleon,84.6,water,steel,125.8,115.9,122,1777988,19,Waterfall,Hydro Cannon,Drill Peck,3,10000
Poliwrath (Shadow),84.6,water,fighting,116.5,119.7,138,1924689,22,Mud Shot,Dynamic Punch,Ice Punch,3,50000
Regice,84.6,ice,none,103.7,180.2,115,2149641,18,Lock On,Blizzard,Earthquake,20,100000
Heracross,84.5,bug,fighting,134.7,107.9,114,1655921,17.5,Counter,Close Combat,Megahorn,3,50000
Dragonair (Shadow),84.3,dragon,none,126,111,127,1775090,33,Dragon Breath,Aqua Tail,Dragon Pulse,5,75000
Sceptile,84.3,grass,none,136.9,108.5,110,1633945,19.5,Bullet Seed,Leaf Blade,Earthquake,3,10000
Whimsicott,84.3,grass,fairy,118.4,133.1,119,1875239,27.5,Charm,Grass Knot,Moonblast,1,10000
Gardevoir (Shadow),84.2,psychic,fairy,137.2,114.5,104,1633015,18,Charm,Synchronoise,Shadow Ball,5,75000
Machoke (Shadow),84.1,fighting,none,127.7,97.2,141,1750103,27,Karate Chop,Cross Chop,Dynamic Punch,3,50000
Slurpuff,84.1,fairy,none,117.4,118.1,138,1912211,25.5,Charm,Flamethrower,Energy Ball,3,50000
Aromatisse,84,fairy,none,116.5,108,153,1924550,24,Charm,Moonblast,Thunderbolt,3,50000
Bellossom (Shadow),84,grass,none,115.7,132.9,126,1937741,24.5,Bullet Seed,Leaf Blade,Dazzling Gleam,3,50000
Sableye (Shadow),84,dark,ghost,123.3,119.3,120,1765496,40,Shadow Claw,Foul Play,Power Gem,5,75000
Hypno,83.9,psychic,none,103.7,140.8,148,2160673,27.5,Confusion,Shadow Ball,Thunder Punch,3,50000
Stunfisk,83.9,ground,electric,101.8,127.9,169,2200089,26.5,Thunder Shock,Mud Bomb,Discharge,5,75000
Raikou,83.8,electric,none,130.9,110.1,118,1700490,16,Thunder Shock,Wild Charge,Shadow Ball,20,100000
Zangoose,83.8,normal,none,144.8,87.1,122,1539050,23,Shadow Claw,Close Combat,Night Slash,3,50000
Marowak (Alolan),83.7,fire,ghost,110.8,145,126,2025310,32,Fire Spin,Shadow Bone,Bone Club,3,50000
Castform (Sunny),83.6,fire,none,113.4,119.6,146,1979669,38.5,Ember,Weather Ball (Fire),Solar Beam,5,75000
Forretress,83.6,bug,steel,110.2,141.6,130,2028758,25,Bug Bite,Earthquake,Mirror Shot,5,75000
Gliscor,83.6,ground,flying,115.7,143.9,116,1930695,21,Wing Attack,Earthquake,Night Slash,5,75000
Magnezone,83.6,electric,steel,134.9,120.1,102,1652719,17,Spark,Wild Charge,Mirror Shot,3,50000
Sealeo (Shadow),83.5,ice,water,108.6,113.2,167,2053854,36.5,Powder Snow,Body Slam,Aurora Beam,3,50000
Toxicroak,83.5,poison,fighting,136.6,91.5,131,1636876,22,Counter,Mud Bomb,Sludge Bomb,3,50000
Ninetales (Shadow),83.4,fire,none,115.1,133.6,126,1936253,24.5,Fire Spin,Weather Ball (Fire),Psyshock,3,50000
Suicune,83.4,water,none,107.4,141.9,137,2089025,18.5,Snarl,Bubble Beam,Hydro Pump,20,100000
Articuno,83.3,ice,flying,113.2,143.6,122,1983584,18.5,Ice Shard,Icy Wind,Hurricane,20,100000
Dragonair,83.1,dragon,none,126,111,127,1775090,33,Dragon Breath,Aqua Tail,Return,5,75000
Jumpluff,83.1,grass,flying,97,153.5,155,2308399,41,Bullet Seed,Aerial Ace,Energy Ball,3,50000
Roserade,83.1,grass,poison,143.1,114.9,95,1561844,18.5,Bullet Seed,Weather Ball (Fire),Leaf Storm,3,50000
Flygon,83,ground,dragon,129.2,109.6,123,1740871,21,Mud Shot,Dragon Claw,Earth Power,5,75000
Muk (Alolan),83,poison,dark,117.3,111.3,146,1906470,20.5,Snarl,Dark Pulse,Sludge Wave,3,50000
Beedrill (Shadow),82.9,bug,poison,127.6,106.2,129,1749201,31,Poison Jab,X-Scissor,Drill Run,1,10000
Gliscor (Shadow),82.9,ground,flying,115.7,143.9,116,1930695,21,Wing Attack,Earthquake,Night Slash,5,75000
Lickilicky,82.9,normal,none,106.3,121.1,164,2111832,23,Lick,Body Slam,Shadow Ball,3,50000
Marshtomp (Shadow),82.9,water,ground,121.2,109.9,139,1851275,33.5,Mud Shot,Surf,Mud Bomb,3,10000
Spritzee,82.9,fairy,none,105,107.6,168,1898008,50,Charm,Thunderbolt,Draining Kiss,3,50000
Blastoise (Shadow),82.8,water,none,111.5,140.7,127,1992357,22.5,Water Gun,Hydro Cannon,Ice Beam,3,10000
Ivysaur,82.8,grass,poison,120.3,121.1,128,1864071,37.5,Vine Whip,Power Whip,Sludge Bomb,3,10000
Togekiss,82.8,fairy,flying,124.8,125.3,114,1783452,16.5,Charm,Ancient Power,Flamethrower,3,50000
Blaziken,82.7,fire,fighting,144.4,90.8,118,1547820,19,Counter,Blaze Kick,Stone Edge,3,10000
Quagsire (Shadow),82.7,water,ground,111.3,112,161,2005558,28.5,Mud Shot,Earthquake,Stone Edge,3,50000
Pinsir (Shadow),82.6,bug,none,141.3,111.5,101,1591266,18.5,Fury Cutter,Close Combat,X-Scissor,5,75000
Quilladin,82.6,grass,none,115.4,130,129,1935329,35.5,Vine Whip,Body Slam,Energy Ball,3,10000
Dragonite,82.5,dragon,flying,135.8,108.4,111,1633580,14.5,Dragon Breath,Dragon Claw,Hurricane,5,75000
Lugia,82.5,psychic,flying,102.4,165,129,2181164,15,Extrasensory,Sky Attack,Aeroblast,20,100000
Melmetal,82.4,steel,none,121.5,107.8,141,1846977,15.5,Thunder Shock,Superpower,Rock Slide,20,100000
Noctowl,82.4,normal,flying,105.3,120.2,167,2113724,28,Wing Attack,Sky Attack,Psychic,1,10000
Dusclops (Shadow),82.3,ghost,none,103.1,198.9,106,2173343,43,Hex,Shadow Punch,Fire Punch,3,50000
Electivire (Shadow),82.3,electric,none,144,98,110,1552610,18,Thunder Shock,Ice Punch,Wild Charge,5,75000
Hitmonchan (Shadow),82.3,fighting,none,128.2,137.3,98,1725104,23.5,Counter,Ice Punch,Thunder Punch,5,75000
Linoone,82.3,normal,none,114.6,112.2,152,1953755,39,Shadow Claw,Grass Knot,Thunder,1,10000
Electivire,82.2,electric,none,144,98,110,1552610,18,Thunder Shock,Ice Punch,Wild Charge,5,75000
Cradily (Shadow),82.1,rock,grass,106.3,139,143,2111521,26,Bullet Seed,Stone Edge,Grass Knot,3,50000
Steelix,82.1,steel,ground,98.4,185.2,124,2260578,23.5,Dragon Tail,Earthquake,Crunch,5,75000
Hitmonchan,82,fighting,none,128.2,137.3,98,1725104,23.5,Counter,Ice Punch,Thunder Punch,5,75000
Tangrowth,82,grass,none,121.8,112,135,1842421,18.5,Vine Whip,Power Whip,Rock Slide,3,50000
Gengar,81.8,ghost,poison,156.6,94.3,97,1433181,19,Shadow Claw,Shadow Ball,Shadow Punch,3,50000
Ninetales,81.8,fire,none,115.1,133.6,126,1936253,24.5,Fire Spin,Weather Ball (Fire),Solar Beam,3,50000
Poliwrath,81.8,water,fighting,116.5,119.7,138,1924689,22,Mud Shot,Dynamic Punch,Ice Punch,3,50000
Vullaby,81.8,dark,flying,100.8,129.4,157,2048662,50,Air Slash,Brave Bird,Foul Play,5,75000
Golbat (Shadow),81.7,poison,flying,118.7,113.7,140,1888899,29,Wing Attack,Poison Fang,Shadow Ball,1,10000
Gyarados (Shadow),81.7,water,flying,130.8,108,121,1708726,16.5,Waterfall,Aqua Tail,Crunch,1,10000
Castform,81.6,normal,none,113.4,119.6,146,1979669,38.5,Hex,Weather Ball (Normal),Energy Ball,5,75000
Ludicolo,81.6,water,grass,117.1,123.7,132,1912593,24,Bubble,Ice Beam,Leaf Storm,3,50000
Charizard (Shadow),81.5,fire,flying,132.2,108.3,117,1674892,19,Fire Spin,Blast Burn,Dragon Claw,3,10000
Gastrodon (East),81.5,water,ground,114.4,102.5,167,1957876,24.5,Mud Slap,Body Slam,Earth Power,3,50000
Gastrodon (West),81.5,water,ground,114.4,102.5,167,1957876,24.5,Mud Slap,Body Slam,Earth Power,3,50000
Perrserker,81.5,steel,none,128.9,114.6,117,1728225,23.5,Shadow Claw,Close Combat,Foul Play,3,50000
Sealeo,81.5,ice,water,108.6,113.2,167,2053854,36.5,Powder Snow,Body Slam,Aurora Beam,3,50000
Charizard,81.4,fire,flying,132.2,108.3,117,1674892,19,Fire Spin,Blast Burn,Dragon Claw,3,10000
Marshtomp,81.4,water,ground,121.2,109.9,139,1851275,33.5,Mud Shot,Surf,Mud Bomb,3,10000
Servine,81.2,grass,none,107.2,137.4,142,2092314,49.5,Vine Whip,Grass Knot,Wrap,3,10000
Gligar,81.1,ground,flying,108,146.2,130,2052969,30.5,Wing Attack,Night Slash,Return,5,75000
Forretress (Shadow),81,bug,steel,110.2,141.6,130,2028758,25,Bug Bite,Earthquake,Mirror Shot,5,75000
Zebstrika,81,electric,none,137.7,95.5,123,1617244,23,Spark,Wild Charge,Flame Charge,3,50000
Dusclops,80.8,ghost,none,103.1,198.9,106,2173343,43,Hex,Fire Punch,Return,3,50000
Honchkrow,80.8,dark,flying,150.6,68.3,145,1492462,20.5,Snarl,Brave Bird,Sky Attack,3,50000
Cherrim (Sunshine),80.7,grass,none,122.9,115.2,129,1826290,27,Bullet Seed,Weather Ball (Fire),Solar Beam,1,10000
Typhlosion,80.7,fire,none,132.2,108.3,117,1674892,19,Incinerate,Blast Burn,Solar Beam,3,10000
Excadrill,80.6,ground,steel,142.7,78.8,139,1561805,17,Mud Shot,Drill Run,Rock Slide,3,50000
Vaporeon,80.6,water,none,119,97.2,163,1886587,17.5,Water Gun,Aqua Tail,Last Resort,5,75000
Grotle (Shadow),80.5,grass,none,118.3,116.1,138,1895093,30.5,Razor Leaf,Body Slam,Energy Ball,3,10000
Ivysaur (Shadow),80.5,grass,poison,120.3,121.1,128,1864071,37.5,Vine Whip,Power Whip,Sludge Bomb,3,10000
Pinsir,80.5,bug,none,141.3,111.5,101,1591266,18.5,Fury Cutter,Close Combat,X-Scissor,5,75000
Grimer (Alolan),80.4,poison,dark,123.6,86,171,1818779,49,Poison Jab,Crunch,Sludge Bomb,3,50000
Sandslash (Alolan),80.4,ice,steel,116.6,132.6,124,1917384,23,Powder Snow,Ice Punch,Bulldoze,3,50000
Gligar (Shadow),80.3,ground,flying,108,146.2,130,2052969,30.5,Wing Attack,Night Slash,Dig,5,75000
Skuntank,80.3,poison,dark,121.7,95.2,157,1819546,23.5,Poison Jab,Crunch,Sludge Bomb,3,50000
Golbat,80.2,poison,flying,118.7,113.7,140,1888899,29,Wing Attack,Poison Fang,Shadow Ball,1,10000
Milotic,80.2,water,none,113.2,132.2,132,1974479,18.5,Waterfall,Surf,Blizzard,5,75000
Haunter,80.1,ghost,poison,161.2,85.5,100,1378532,28,Shadow Claw,Shadow Punch,Shadow Ball,3,50000
Suicune (Shadow),80.1,water,none,107.4,141.9,137,2089025,18.5,Snarl,Bubble Beam,Hydro Pump,20,100000
Beedrill,80,bug,poison,127.6,106.2,129,1749201,31,Poison Jab,X-Scissor,Drill Run,1,10000
Drifloon,80,ghost,flying,110.9,79.8,186,1646946,50,Hex,Icy Wind,Shadow Ball,5,75000
Probopass,79.9,rock,steel,97.4,197.6,119,2289182,27.5,Spark,Rock Slide,Thunderbolt,3,50000
Bronzong,79.8,steel,psychic,111.3,151.8,119,2010401,25.5,Confusion,Psyshock,Payback,3,50000
Farfetch'd (Galarian),79.8,fighting,none,137.9,97.8,120,1618657,36.5,Fury Cutter,Leaf Blade,Brave Bird,3,50000
Raichu,79.8,electric,none,133.6,110.6,113,1669771,25.5,Volt Switch,Wild Charge,Thunder Punch,1,10000
Sudowoodo,79.8,rock,none,117.2,130.1,125,1905357,26,Counter,Rock Slide,Earthquake,5,75000
Articuno (Shadow),79.7,ice,flying,113.2,143.6,122,1983584,18.5,Ice Shard,Icy Wind,Hurricane,20,100000
Granbull,79.7,fairy,none,135.3,87.7,139,1650182,22,Charm,Close Combat,Crunch,3,50000
Gyarados,79.6,water,flying,130.8,108,121,1708726,16.5,Waterfall,Aqua Tail,Crunch,1,10000
Barbaracle,79.5,rock,water,120.4,133.1,115,1841752,20.5,Fury Cutter,Stone Edge,Cross Chop,3,50000
Gloom (Shadow),79.5,grass,poison,122.6,114.9,130,1830873,37.5,Razor Leaf,Sludge Bomb,Moonblast,3,50000
Skuntank (Shadow),79.4,poison,dark,121.7,95.2,157,1819546,23.5,Poison Jab,Crunch,Sludge Bomb,3,50000
Wailmer,79.3,water,none,117.4,68.3,239,1916533,48.5,Water Gun,Body Slam,Heavy Slam,1,10000
Grotle,79.2,grass,none,118.3,116.1,138,1895093,30.5,Razor Leaf,Body Slam,Energy Ball,3,10000
Raichu (Alolan),79.2,electric,psychic,136.2,111.7,108,1643875,24.5,Volt Switch,Wild Charge,Grass Knot,1,10000
Hypno (Shadow),79,psychic,none,103.7,140.8,148,2160673,27.5,Confusion,Thunder Punch,Fire Punch,3,50000
Wormadam (Trash),79,bug,steel,105.2,150.9,134,2126928,42.5,Confusion,Iron Head,Bug Buzz,1,10000
Shelgon,78.9,dragon,none,123.3,118.4,123,1795453,27.5,Dragon Breath,Flamethrower,Twister,5,75000
Bayleef,78.8,grass,none,105.6,141.6,141,2107468,49.5,Razor Leaf,Grass Knot,Ancient Power,3,10000
Bibarel,78.8,normal,water,124.2,97.7,149,1807978,30.5,Water Gun,Surf,Hyper Fang,1,10000
Sandshrew (Alolan),78.8,ice,steel,117.6,121,127,1807853,50,Powder Snow,Night Slash,Blizzard,3,50000
Gardevoir,78.7,psychic,fairy,137.2,114.5,104,1633015,18,Charm,Synchronoise,Shadow Ball,5,75000
Gallade (Shadow),78.5,psychic,fighting,137.2,114.5,104,1633015,18,Confusion,Close Combat,Leaf Blade,5,75000
Grovyle,78.5,grass,none,137.4,101.7,117,1633904,37.5,Bullet Seed,Leaf Blade,Aerial Ace,3,10000
Piloswine,78.5,ice,ground,121.1,98.2,155,1842165,24,Powder Snow,Avalanche,Bulldoze,3,50000
Bonsly,78.3,rock,none,116.8,124.4,127,1844799,50,Counter,Rock Slide,Earthquake,5,10000
Magmortar (Shadow),78.3,fire,none,141.4,103.4,108,1578615,17.5,Karate Chop,Fire Punch,Thunderbolt,5,75000
Feraligatr,78.2,water,none,123.3,118,124,1803586,19.5,Water Gun,Hydro Cannon,Crunch,3,10000
Gallade,78.1,psychic,fighting,137.2,114.5,104,1633015,18,Confusion,Close Combat,Leaf Blade,5,75000
Glalie,78.1,ice,none,115.2,120.1,140,1937229,27,Ice Shard,Avalanche,Shadow Ball,3,50000
Ho-Oh,78.1,fire,flying,123.6,128.2,114,1806501,14.5,Incinerate,Brave Bird,Earthquake,20,100000
Wailord,78.1,water,none,119.6,66.8,235,1876670,25,Water Gun,Surf,Blizzard,1,10000
Probopass (Shadow),78,rock,steel,97.4,197.6,119,2289182,27.5,Spark,Rock Slide,Thunderbolt,3,50000
Seaking,77.9,water,none,123.1,105.9,140,1825075,26.5,Waterfall,Drill Run,Icy Wind,3,50000
Vespiquen,77.9,bug,flying,109.1,143.3,131,2049009,28.5,Fury Cutter,X-Scissor,Power Gem,3,50000
Wobbuffet (Shadow),77.9,psychic,none,63,101.7,333,2133829,50,Counter,Mirror Coat,Frustration,3,50000
Jirachi,77.8,steel,psychic,120.5,119.4,129,1855163,16.5,Confusion,Doom Desire,Psychic,20,100000
Crustle,77.7,bug,rock,120.9,134.1,114,1848465,22,Fury Cutter,Rock Slide,X-Scissor,1,10000
Leavanny,77.7,bug,grass,131,109,120,1713215,22,Razor Leaf,Leaf Blade,X-Scissor,1,10000
Latios,77.6,dragon,psychic,138.4,112.9,103,1609480,14.5,Dragon Breath,Dragon Claw,Psychic,20,100000
Relicanth,77.6,water,rock,105.2,137.5,147,2126096,22.5,Water Gun,Aqua Tail,Ancient Power,5,75000
Victreebel (Shadow),77.6,grass,poison,135.8,94.8,128,1648364,23,Razor Leaf,Leaf Blade,Acid Spray,3,50000
Golem (Alolan),77.5,rock,electric,125.2,121.7,117,1782513,19,Volt Switch,Wild Charge,Rock Blast,1,10000
Prinplup,77.5,water,none,119.1,116,136,1878103,37,Bubble,Icy Wind,Hydro Pump,3,10000
Vileplume (Shadow),77.5,grass,poison,129.1,110.9,121,1732053,22,Razor Leaf,Sludge Bomb,Moonblast,3,50000
Emolga,77.4,electric,flying,127.9,111.4,123,1752744,39,Thunder Shock,Discharge,Aerial Ace,1,10000
Pidgeot,77.4,normal,flying,117.2,113.8,143,1905836,26,Gust,Aerial Ace,Brave Bird,1,10000
Linoone (Galarian),77.3,dark,normal,114.6,112.2,152,1953755,39,Snarl,Body Slam,Gunk Shot,1,10000
Graveler (Alolan),77.2,rock,electric,123.4,124.9,118,1819319,30.5,Volt Switch,Stone Edge,Rock Blast,1,10000
Ampharos,77.1,electric,none,127.4,106.8,129,1754935,19.5,Volt Switch,Thunder Punch,Focus Blast,5,75000
Machop,77,fighting,none,127.7,81.5,157,1634495,50,Karate Chop,Cross Chop,Return,3,50000
Magneton (Shadow),77,electric,steel,144.7,112.8,95,1550755,22,Thunder Shock,Magnet Bomb,Discharge,3,50000
Carnivine,76.9,grass,none,130.2,101.2,130,1712621,25.5,Vine Whip,Power Whip,Crunch,5,75000
Mawile (Shadow),76.8,steel,fairy,125.9,121.2,117,1784529,38.5,Fire Fang,Power-Up Punch,Play Rough,5,75000
Torterra (Shadow),76.8,grass,ground,120.5,117.6,131,1857185,19,Razor Leaf,Frenzy Plant,Stone Edge,3,10000
Grimer (Shadow),76.7,poison,none,123.6,86,171,1818779,49,Poison Jab,Mud Bomb,Sludge Bomb,3,50000
Haxorus,76.7,dragon,none,151.1,95.7,102,1475018,15,Counter,Dragon Claw,Night Slash,5,75000
Mawile,76.7,steel,fairy,125.9,121.2,117,1784529,38.5,Fire Fang,Power-Up Punch,Play Rough,5,75000
Palpitoad,76.7,water,ground,116.6,101.6,162,1919059,48.5,Mud Shot,Earth Power,Sludge Wave,3,50000
Victini,76.7,psychic,fire,120.5,119.4,129,1855163,16.5,Confusion,V-Create,Psychic,20,100000
Seismitoad,76.6,water,ground,120.3,101.5,152,1856073,22,Mud Shot,Earth Power,Sludge Bomb,3,50000
Dugtrio,76.5,ground,none,136.4,120.5,99,1627049,41.5,Mud Shot,Mud Bomb,Stone Edge,3,50000
Dragalge,76.4,poison,dragon,117.9,139.9,115,1895881,23.5,Dragon Tail,Aqua Tail,Gunk Shot,3,50000
Tirtouga,76.4,water,rock,113.9,132,130,1955087,47,Water Gun,Surf,Body Slam,5,75000
Gloom,76.3,grass,poison,122.6,114.9,130,1830873,37.5,Razor Leaf,Sludge Bomb,Petal Blizzard,3,50000
Conkeldurr,76.2,fighting,none,134.6,93.3,132,1657948,16.5,Counter,Dynamic Punch,Stone Edge,5,75000
Electrode,76.2,electric,none,123.1,127.2,116,1816610,26.5,Volt Switch,Foul Play,Thunderbolt,3,50000
Minun,76.2,electric,none,116.8,126.8,129,1909761,37,Spark,Thunderbolt,Grass Knot,3,50000
Kingdra,76.1,water,dragon,121.8,126.1,119,1828072,21,Dragon Breath,Outrage,Octazooka,3,50000
Ledian,76.1,bug,flying,101.9,161.2,134,2201440,49,Bug Bite,Aerial Ace,Bug Buzz,1,10000
Muk (Shadow),76.1,poison,none,117.3,111.3,146,1906470,20.5,Poison Jab,Thunder Punch,Dark Pulse,3,50000
Scizor (Shadow),76.1,bug,steel,137.9,110.3,106,1612512,18.5,Bullet Punch,Night Slash,Iron Head,5,75000
Vileplume,76.1,grass,poison,129.1,110.9,121,1732053,22,Razor Leaf,Sludge Bomb,Petal Blizzard,3,50000
Muk,76,poison,none,117.3,111.3,146,1906470,20.5,Poison Jab,Thunder Punch,Dark Pulse,3,50000
Raticate (Alolan),76,dark,normal,107.5,130.7,148,2078413,37,Quick Attack,Crunch,Hyper Fang,1,10000
Electabuzz (Shadow),75.9,electric,none,132.8,111.4,114,1685681,23.5,Thunder Shock,Thunder Punch,Thunderbolt,5,75000
Infernape,75.9,fire,fighting,136.7,100.4,118,1619407,20.5,Fire Spin,Close Combat,Blast Burn,3,10000
Swalot,75.8,poison,none,104.1,123.4,168,2158208,28.5,Infestation,Sludge Bomb,Ice Beam,1,10000
Genesect,75.7,bug,steel,141.1,111.7,100,1575465,16,Fury Cutter,X-Scissor,Magnet Bomb,20,100000
Magneton,75.7,electric,steel,144.7,112.8,95,1550755,22,Thunder Shock,Discharge,Magnet Bomb,3,50000
Charmeleon (Shadow),75.6,fire,none,127.1,109.1,127,1760642,39,Ember,Fire Punch,Flamethrower,3,10000
Dewott,75.6,water,none,124.2,98.6,147,1800321,33.5,Fury Cutter,Aqua Tail,X-Scissor,3,10000
Magnemite (Shadow),75.6,electric,steel,148.7,113.4,89,1501640,50,Thunder Shock,Magnet Bomb,Discharge,3,50000
Spiritomb,75.6,ghost,dark,121.2,146.4,104,1845420,27.5,Sucker Punch,Shadow Ball,Ominous Wind,5,75000
Eelektross,75.5,electric,none,134.4,98,127,1672478,20,Spark,Dragon Claw,Thunderbolt,1,10000
Poliwhirl (Shadow),75.5,water,none,115.1,114.3,148,1947108,50,Mud Shot,Mud Bomb,Scald,3,50000
Victreebel,75.5,grass,poison,135.8,94.8,128,1648364,23,Razor Leaf,Leaf Blade,Acid Spray,3,50000
Delcatty,75.4,normal,none,112.7,115.2,153,1986701,46.5,Charm,Wild Charge,Disarming Voice,3,50000
Farfetch'd,75.4,normal,flying,116.8,109.2,131,1671469,50,Fury Cutter,Leaf Blade,Aerial Ace,3,50000
Grimer,75.4,poison,none,123.6,86,171,1818779,49,Poison Jab,Mud Bomb,Sludge Bomb,3,50000
Lileep,75.4,rock,grass,100.8,138.6,151,2111110,50,Bullet Seed,Grass Knot,Ancient Power,3,50000
Rapidash (Galarian),75.3,psychic,fairy,134.7,110.9,111,1658326,22,Psycho Cut,Body Slam,Play Rough,3,50000
Tangela,75.3,grass,none,125,121.7,117,1778920,24.5,Vine Whip,Grass Knot,Sludge Bomb,3,50000
Mantyke,75.2,water,flying,100.8,163,120,1972572,50,Bubble,Aerial Ace,Ice Beam,5,10000
Piloswine (Shadow),75.2,ice,ground,121.1,98.2,155,1842165,24,Powder Snow,Avalanche,Bulldoze,3,50000
Bouffalant,75.1,normal,none,118.9,115.9,136,1873804,20,Mud Shot,Stomp,Earthquake,3,50000
Magmortar,75.1,fire,none,141.4,103.4,108,1578615,17.5,Karate Chop,Fire Punch,Thunderbolt,5,75000
Ursaring (Shadow),75.1,normal,none,140.3,89.1,128,1600223,19,Shadow Claw,Close Combat,Hyper Beam,3,50000
Ampharos (Shadow),75,electric,none,127.4,106.8,129,1754935,19.5,Volt Switch,Thunder Punch,Focus Blast,5,75000
Drapion,75,poison,dark,118.5,136.5,117,1892269,23,Poison Sting,Crunch,Sludge Bomb,5,75000
Golduck (Shadow),75,water,none,125.5,112.2,127,1787063,22.5,Water Gun,Cross Chop,Ice Beam,3,50000
Houndoom (Shadow),75,dark,fire,140.8,94.9,119,1589764,21,Snarl,Crunch,Flamethrower,3,50000
Scraggy,75,dark,fighting,120.4,122.1,126,1851509,48,Feint Attack,Foul Play,Brick Break,3,50000
Torkoal,75,fire,none,107.6,151.3,127,2067715,27,Fire Spin,Overheat,Earthquake,3,50000
Magnemite,74.6,electric,steel,148.7,113.4,89,1501640,50,Thunder Shock,Magnet Bomb,Discharge,3,50000
Uxie,74.6,psychic,none,102,176.8,122,2200329,22.5,Confusion,Future Sight,Thunder,20,100000
Carracosta,74.5,water,rock,121.8,127.9,118,1839109,21,Water Gun,Surf,Body Slam,5,75000
Croconaw,74.5,water,none,118.8,118.8,134,1891327,35,Water Gun,Ice Punch,Crunch,3,10000
Golduck,74.5,water,none,125.5,112.2,127,1787063,22.5,Water Gun,Cross Chop,Ice Beam,3,50000
Litleo,74.5,fire,normal,121.1,106.1,143,1837354,49,Ember,Flame Charge,Crunch,3,10000
Poliwhirl,74.5,water,none,115.1,114.3,148,1947108,50,Mud Shot,Mud Bomb,Scald,3,50000
Ursaring,74.4,normal,none,140.3,89.1,128,1600223,19,Shadow Claw,Close Combat,Hyper Beam,3,50000
Fletchinder,74.3,fire,flying,123,103.2,142,1801392,47,Ember,Flame Charge,Aerial Ace,1,10000
Mewtwo (Shadow),74.3,psychic,none,148.4,94.4,108,1512714,13,Psycho Cut,Psystrike,Thunderbolt,20,100000
Scizor,74.3,bug,steel,137.9,110.3,106,1612512,18.5,Bullet Punch,X-Scissor,Iron Head,5,75000
Sliggoo,74.3,dragon,none,115.2,132.6,127,1940188,27,Water Gun,Muddy Water,Dragon Pulse,5,75000
Lileep (Shadow),74.2,rock,grass,100.8,138.6,151,2111110,50,Infestation,Grass Knot,Ancient Power,3,50000
Leafeon,74.1,grass,none,128.1,133.3,102,1742118,18.5,Quick Attack,Leaf Blade,Last Resort,5,75000
Nuzleaf,74.1,grass,dark,125.2,78.1,157,1536164,50,Feint Attack,Leaf Blade,Foul Play,3,50000
Charmeleon,74,fire,none,127.1,109.1,127,1760642,39,Ember,Fire Punch,Return,3,10000
Chinchou,74,water,electric,101.7,94.1,164,1569336,50,Spark,Thunderbolt,Bubble Beam,3,50000
Nuzleaf (Shadow),74,grass,dark,125.2,78.1,157,1536164,50,Feint Attack,Leaf Blade,Foul Play,3,50000
Kingler,73.9,water,none,143.9,115,93,1539736,19.5,Mud Shot,Crabhammer,X-Scissor,3,50000
Scolipede,73.9,bug,poison,132.6,121.1,105,1686037,23,Poison Jab,X-Scissor,Sludge Bomb,1,10000
Simisage,73.9,grass,none,136.6,94.5,126,1627774,23.5,Vine Whip,Grass Knot,Crunch,3,50000
Krookodile,73.8,ground,dark,133.9,94.8,132,1675322,18.5,Snarl,Crunch,Earthquake,5,75000
Luxray,73.8,electric,none,138,99,118,1611912,19,Spark,Wild Charge,Crunch,5,75000
Moltres,73.8,fire,flying,136.3,102.6,117,1635633,16,Fire Spin,Sky Attack,Overheat,20,100000
Slowpoke,73.8,water,psychic,104.2,95,186,1840271,50,Water Gun,Psyshock,Water Pulse,3,50000
Torterra,73.8,grass,ground,120.5,117.6,131,1857185,19,Razor Leaf,Frenzy Plant,Stone Edge,3,10000
Turtwig (Shadow),73.8,grass,none,112.6,105,135,1596678,50,Razor Leaf,Body Slam,Seed Bomb,3,10000
Growlithe (Shadow),73.7,fire,none,126.9,90.8,135,1554545,50,Ember,Body Slam,Flamethrower,3,50000
Luxio,73.7,electric,none,134.1,89.1,139,1661818,45.5,Spark,Wild Charge,Crunch,5,75000
Oddish (Shadow),73.7,grass,poison,122.7,106.7,120,1571110,50,Razor Leaf,Seed Bomb,Sludge Bomb,3,50000
Omastar (Shadow),73.7,rock,water,126.1,128.4,109,1764728,20,Mud Shot,Rock Slide,Rock Blast,5,75000
Durant,73.6,bug,steel,135.9,121.2,100,1647192,21,Bug Bite,X-Scissor,Stone Edge,3,50000
Wartortle,73.6,water,none,107.9,137.8,139,2067932,48,Water Gun,Ice Beam,Hydro Pump,3,10000
Cloyster,73.5,water,ice,119.7,166,94,1867851,22,Ice Shard,Icy Wind,Hydro Pump,3,50000
Crawdaunt,73.5,water,dark,144.5,96.9,110,1540695,22.5,Snarl,Night Slash,Crabhammer,3,50000
Klang,73.5,steel,none,114.1,137,125,1954283,31.5,Thunder Shock,Thunderbolt,Vise Grip,5,75000
Venomoth (Shadow),73.5,bug,poison,128.2,104.4,131,1752985,27.5,Infestation,Poison Fang,Bug Buzz,3,50000
Electabuzz,73.4,electric,none,132.8,111.4,114,1685681,23.5,Thunder Shock,Thunder Punch,Return,5,75000
Marowak (Shadow),73.4,ground,none,110.8,145,126,2025310,32,Mud Slap,Bone Club,Earthquake,3,50000
Moltres (Shadow),73.4,fire,flying,136.3,102.6,117,1635633,16,Fire Spin,Sky Attack,Overheat,20,100000
Rufflet,73.4,normal,flying,126.3,91.1,153,1759870,46,Wing Attack,Brave Bird,Aerial Ace,5,75000
Alakazam (Shadow),73.3,psychic,none,157,103.1,88,1425029,18,Counter,Fire Punch,Shadow Ball,3,50000
Machop (Shadow),73.2,fighting,none,127.7,81.5,157,1634495,50,Karate Chop,Cross Chop,Brick Break,3,50000
Qwilfish,73.2,water,poison,130.5,105.5,123,1693578,27,Poison Sting,Aqua Tail,Sludge Wave,3,50000
Alakazam,73.1,psychic,none,157,103.1,88,1425029,18,Counter,Fire Punch,Shadow Ball,3,50000
Hippowdon,73.1,ground,none,116.2,116.8,141,1912627,18,Fire Fang,Body Slam,Earth Power,3,50000
Marowak,73.1,ground,none,110.8,145,126,2025310,32,Mud Slap,Bone Club,Earthquake,3,50000
Arcanine (Shadow),73,fire,none,132.7,104,122,1683972,18.5,Snarl,Wild Charge,Flamethrower,3,50000
Lombre,73,water,grass,106.7,112.6,142,1706340,50,Bubble,Grass Knot,Ice Beam,3,50000
Manectric,73,electric,none,142.5,91.3,120,1561030,23.5,Snarl,Wild Charge,Flame Burst,3,50000
Banette,72.9,ghost,none,146.8,91.9,113,1524534,24.5,Shadow Claw,Shadow Ball,Thunder,3,50000
Corsola,72.9,water,rock,109.3,141.6,133,2057200,47.5,Bubble,Rock Blast,Bubble Beam,3,50000
Darumaka,72.9,fire,none,132,83.5,154,1697707,49,Fire Fang,Fire Punch,Flame Charge,3,50000
Growlithe,72.8,fire,none,126.9,90.8,135,1554545,50,Ember,Body Slam,Flamethrower,3,50000
Magmar,72.8,fire,none,136.6,107.5,112,1645117,23.5,Karate Chop,Fire Punch,Return,5,75000
Klinklang,72.7,steel,none,124.9,140.2,102,1785632,21,Thunder Shock,Mirror Shot,Zap Cannon,5,75000
Nidorina (Shadow),72.7,poison,none,110.9,113.4,157,1975496,50,Poison Sting,Poison Fang,Sludge Bomb,3,50000
Amoonguss,72.6,grass,poison,110.4,102,181,2038411,27,Feint Attack,Grass Knot,Foul Play,3,50000
Bisharp,72.6,dark,steel,139.2,111.5,103,1598638,19.5,Snarl,Dark Pulse,X-Scissor,5,75000
Latias,72.6,dragon,psychic,124.5,137.9,105,1802286,16,Dragon Breath,Outrage,Psychic,20,100000
Rapidash,72.6,fire,none,134.7,110.9,111,1658326,22,Incinerate,Drill Run,Flame Charge,3,50000
Venomoth,72.6,bug,poison,128.2,104.4,131,1752985,27.5,Infestation,Poison Fang,Bug Buzz,3,50000
Magmar (Shadow),72.5,fire,none,136.6,107.5,112,1645117,23.5,Ember,Fire Punch,Flamethrower,5,75000
Dunsparce,72.4,normal,none,104.8,111,183,2127733,37.5,Bite,Drill Run,Rock Slide,3,50000
Gurdurr,72.4,fighting,none,124.8,99.8,143,1781718,25.5,Poison Jab,Brick Break,Stone Edge,5,75000
Nidoqueen,72.4,poison,ground,117.8,116.5,139,1908186,22,Poison Jab,Earth Power,Stone Edge,3,50000
Pawniard,72.4,dark,steel,132,107.8,118,1678084,49,Fury Cutter,Night Slash,X-Scissor,5,75000
Shelgon (Shadow),72.4,dragon,none,123.3,118.4,123,1795453,27.5,Dragon Breath,Flamethrower,Dragon Pulse,5,75000
Swellow,72.4,normal,flying,136.7,98.6,121,1630044,29,Wing Attack,Brave Bird,Sky Attack,1,10000
Monferno,72.3,fire,fighting,129.6,95.4,139,1719672,41,Ember,Flamethrower,Low Sweep,3,10000
Nidorino (Shadow),72.3,poison,none,124.2,103.7,140,1803300,46.5,Poison Jab,Sludge Bomb,Horn Attack,3,50000
Greninja,72.2,water,dark,139.6,101.6,113,1602682,21,Bubble,Night Slash,Surf,3,10000
Hydreigon,72.2,dark,dragon,136.6,103.5,116,1639587,15,Dragon Breath,Dark Pulse,Dragon Pulse,5,75000
Mamoswine (Shadow),72.2,ice,ground,136.2,87.4,137,1630185,16.5,Powder Snow,Avalanche,Bulldoze,3,50000
Arcanine,72.1,fire,none,132.7,104,122,1683972,18.5,Snarl,Wild Charge,Flamethrower,3,50000
Tentacruel,72.1,water,poison,110.1,139.9,132,2032660,23.5,Poison Jab,Acid Spray,Hydro Pump,3,50000
Geodude (Alolan),72,rock,electric,123.5,123.5,113,1724177,50,Volt Switch,Rock Slide,Thunderbolt,1,10000
Seviper,72,poison,none,138.8,89.5,130,1616076,27,Poison Jab,Crunch,Poison Fang,3,50000
Banette (Shadow),71.9,ghost,none,146.8,91.9,113,1524534,24.5,Shadow Claw,Shadow Ball,Thunder,3,50000
Entei,71.9,fire,none,128.8,96.2,141,1746495,16,Fire Spin,Flame Charge,Overheat,20,100000
Combusken,71.8,fire,fighting,131,99.6,131,1710523,39,Ember,Flame Charge,Rock Slide,3,10000
Darmanitan (Standard),71.8,fire,none,151.3,71.4,137,1480445,18,Incinerate,Rock Slide,Overheat,3,50000
Aggron (Shadow),71.7,steel,rock,116.1,154,107,1912293,18.5,Smack Down,Stone Edge,Heavy Slam,1,10000
Chandelure,71.7,ghost,fire,151.4,106.9,91,1472749,16.5,Incinerate,Flame Charge,Shadow Ball,5,75000
Houndoom,71.7,dark,fire,140.8,94.9,119,1589764,21,Snarl,Crunch,Flamethrower,3,50000
Porygon2 (Shadow),71.7,normal,none,123.7,115.7,127,1816950,21,Lock On,Tri Attack,Zap Cannon,3,50000
Scyther (Shadow),71.7,bug,flying,134.9,110.7,111,1657053,20.5,Fury Cutter,Night Slash,X-Scissor,5,75000
Aggron,71.6,steel,rock,116.1,154,107,1912293,18.5,Smack Down,Stone Edge,Heavy Slam,1,10000
Swadloon,71.6,bug,grass,106.7,147.9,133,2099118,50,Bug Bite,Energy Ball,Bug Buzz,1,10000
Ariados,71.4,bug,poison,124.7,102,141,1793573,34,Poison Sting,Megahorn,Cross Poison,1,10000
Breloom,71.4,grass,fighting,150.6,97.3,101,1480402,21,Counter,Dynamic Punch,Grass Knot,3,50000
Quilava,71.4,fire,none,127.1,109.1,127,1760642,39,Ember,Flame Charge,Flamethrower,3,10000
Staraptor,71.4,normal,flying,140.4,90.8,124,1581461,19.5,Wing Attack,Brave Bird,Close Combat,1,10000
Sunflora,71.4,grass,none,128.7,102.2,131,1723173,26,Bullet Seed,Leaf Storm,Sludge Bomb,3,50000
Graveler,71.3,rock,ground,123.4,124.9,118,1819319,30.5,Mud Shot,Rock Slide,Rock Blast,1,10000
Huntail,71.3,water,none,131.5,126.3,102,1694679,24,Water Gun,Aqua Tail,Crunch,3,50000
Mightyena,71.3,dark,none,125.9,104.3,134,1759749,29,Fire Fang,Crunch,Poison Fang,1,10000
Nidorino,71.3,poison,none,124.2,103.7,140,1803300,46.5,Poison Jab,Sludge Bomb,Horn Attack,3,50000
Oddish,71.3,grass,poison,122.7,106.7,120,1571110,50,Razor Leaf,Seed Bomb,Sludge Bomb,3,50000
Turtwig,71.3,grass,none,112.6,105,135,1596678,50,Razor Leaf,Body Slam,Seed Bomb,3,10000
Cloyster (Shadow),71.2,water,ice,119.7,166,94,1867851,22,Ice Shard,Icy Wind,Hydro Pump,3,50000
Dustox,71.2,bug,poison,95,148.7,142,2005436,50,Confusion,Sludge Bomb,Bug Buzz,1,10000
Dwebble,71.2,bug,rock,111.8,120.2,127,1705533,50,Smack Down,X-Scissor,Rock Blast,1,10000
Cryogonal,71.1,ice,none,116.5,136.2,121,1919929,20,Ice Shard,Night Slash,Aurora Beam,5,75000
Ponyta,71.1,fire,none,134.8,109.4,113,1666179,36.5,Ember,Flame Charge,Stomp,3,50000
Braixen,71,fire,none,130.4,106.7,123,1710666,31.5,Ember,Flame Charge,Psyshock,3,10000
Claydol,71,ground,psychic,102.7,173.3,121,2153472,28.5,Confusion,Earth Power,Shadow Ball,3,50000
Porygon2,71,normal,none,123.7,115.7,127,1816950,21,Lock On,Tri Attack,Zap Cannon,3,50000
Eelektrik,70.9,electric,none,123.2,110.9,133,1818238,36.5,Spark,Discharge,Crunch,1,10000
Beartic,70.8,ice,none,134.9,94.6,129,1646922,18,Powder Snow,Ice Punch,Surf,3,50000
Kricketune,70.8,bug,none,127.7,88,155,1742826,38,Fury Cutter,X-Scissor,Aerial Ace,1,10000
Celebi,70.7,psychic,grass,120.5,119.4,129,1855163,16.5,Confusion,Seed Bomb,Psychic,20,100000
Purugly,70.7,normal,none,125.5,105.5,133,1762021,28.5,Shadow Claw,Aerial Ace,Thunder,3,50000
Tranquill,70.7,normal,flying,124,101.4,143,1797495,49.5,Air Slash,Sky Attack,Aerial Ace,1,10000
Heatmor,70.6,fire,none,133.3,91.6,136,1660290,23,Fire Spin,Flamethrower,Thunder Punch,3,50000
Mamoswine,70.6,ice,ground,136.2,87.4,137,1630185,16.5,Powder Snow,Avalanche,Bulldoze,3,50000
Spinda,70.6,normal,none,110.1,110.1,142,1720678,50,Psycho Cut,Icy Wind,Rock Tomb,3,50000
Vibrava (Shadow),70.6,ground,dragon,125.2,95.8,127,1523223,50,Dragon Breath,Sand Tomb,Bug Buzz,5,75000
Golurk,70.5,ground,ghost,133.9,96.7,129,1671084,19.5,Mud Slap,Shadow Punch,Earth Power,5,75000
Ninjask,70.5,bug,flying,144.2,89.1,120,1541269,28,Fury Cutter,Shadow Ball,Aerial Ace,5,75000
Rotom (Wash),70.4,electric,water,129.2,143.2,93,1720709,21,Thunder Shock,Thunderbolt,Hydro Pump,5,75000
Simipour,70.4,water,none,136.6,94.5,126,1627774,23.5,Water Gun,Surf,Crunch,3,50000
Weavile (Shadow),70.4,dark,ice,143.1,103.4,106,1568420,18.5,Snarl,Avalanche,Foul Play,3,50000
Entei (Shadow),70.3,fire,none,128.8,96.2,141,1746495,16,Fire Spin,Flame Charge,Overheat,20,100000
Lairon (Shadow),70.3,steel,rock,114.5,142.8,120,1962204,28,Metal Claw,Rock Slide,Body Slam,1,10000
Magby,70.2,fire,none,139.5,95.8,120,1603478,50,Karate Chop,Fire Punch,Brick Break,5,10000
Magcargo,70.2,fire,rock,110.2,157.9,116,2017737,36.5,Ember,Stone Edge,Overheat,1,10000
Plusle,70.1,electric,none,129.2,107.3,125,1733312,34,Spark,Thunderbolt,Grass Knot,3,50000
Kangaskhan,70,normal,none,115.9,112.8,148,1934823,22,Mud Slap,Stomp,Crunch,3,50000
Pignite,70,fire,fighting,128.4,84.2,161,1740293,29.5,Ember,Flame Charge,Flamethrower,3,10000
Murkrow,69.9,dark,flying,143.5,80.9,134,1554945,40.5,Feint Attack,Drill Peck,Foul Play,3,50000
Omastar,69.9,rock,water,126.1,128.4,109,1764728,20,Mud Shot,Rock Slide,Rock Blast,5,75000
Togetic,69.8,fairy,flying,110.6,150,122,2023327,37,Hidden Power (Flying),Aerial Ace,Dazzling Gleam,3,50000
Exeggutor (Alolan),69.7,grass,dragon,134.4,94.2,131,1659647,18.5,Bullet Seed,Seed Bomb,Dragon Pulse,3,50000
Pyroar,69.6,fire,normal,135,98,125,1653456,20,Fire Fang,Flame Charge,Overheat,3,10000
Weavile,69.6,dark,ice,143.1,103.4,106,1568420,18.5,Snarl,Avalanche,Foul Play,3,50000
Lumineon,69.5,water,none,109.5,137.2,136,2042625,33,Water Gun,Blizzard,Water Pulse,3,50000
Nidorina,69.5,poison,none,110.9,113.4,157,1975496,50,Poison Sting,Poison Fang,Return,3,50000
Slowpoke (Shadow),69.5,water,psychic,104.2,95,186,1840271,50,Confusion,Psyshock,Water Pulse,3,50000
Masquerain,69.4,bug,flying,130.3,107.8,122,1712792,24.5,Air Slash,Bubble Beam,Lunge,1,10000
Mismagius,69.4,ghost,none,133.8,120.8,104,1680621,21.5,Hex,Shadow Ball,Dark Pulse,3,50000
Skrelp,69.3,poison,water,104.2,104.2,127,1378846,50,Water Gun,Aqua Tail,Sludge Bomb,3,50000
Weezing,69.3,poison,none,118.4,138.9,115,1889997,24.5,Infestation,Sludge Bomb,Shadow Ball,3,50000
Karrablast,69.2,bug,none,127.7,85.7,127,1390325,50,Fury Cutter,Drill Run,X-Scissor,3,50000
Staravia,69.2,normal,flying,131.9,91.6,135,1631281,50,Wing Attack,Brave Bird,Aerial Ace,1,10000
Vibrava,69.2,ground,dragon,125.2,95.8,127,1523223,50,Dragon Breath,Sand Tomb,Bug Buzz,5,75000
Weepinbell (Shadow),69.2,grass,poison,139.2,83.7,138,1606435,38.5,Bullet Seed,Power Whip,Seed Bomb,3,50000
Gigalith,69.1,rock,none,127.2,118.4,116,1747772,17,Smack Down,Rock Slide,Superpower,3,50000
Glaceon,69.1,ice,none,137.2,124.1,96,1634258,18,Ice Shard,Avalanche,Icy Wind,5,75000
Emboar,69,fire,fighting,137.9,79.9,147,1618930,18.5,Ember,Flame Charge,Rock Slide,3,10000
Lairon,69,steel,rock,114.5,142.8,120,1962204,28,Metal Claw,Rock Slide,Body Slam,1,10000
Smoochum,69,ice,psychic,141.2,89.1,120,1508916,50,Powder Snow,Ice Punch,Psyshock,5,10000
Snover,69,grass,ice,109.2,100.8,142,1564162,50,Powder Snow,Ice Beam,Energy Ball,3,50000
Weepinbell,69,grass,poison,139.2,83.7,138,1606435,38.5,Bullet Seed,Power Whip,Seed Bomb,3,50000
Gothitelle,68.9,psychic,none,116.6,137.3,120,1920338,23.5,Confusion,Rock Slide,Psychic,3,50000
Wartortle (Shadow),68.9,water,none,107.9,137.8,139,2067932,48,Water Gun,Ice Beam,Hydro Pump,3,10000
Jolteon,68.8,electric,none,138.6,113,103,1612419,19,Volt Switch,Discharge,Last Resort,5,75000
Garchomp,68.7,dragon,ground,132.5,102.5,124,1683122,14,Mud Shot,Earthquake,Outrage,5,75000
Gothorita,68.7,psychic,none,112.5,130.8,135,1986960,41.5,Confusion,Psychic,Future Sight,3,50000
Nidoqueen (Shadow),68.7,poison,ground,117.8,116.5,139,1908186,22,Poison Jab,Earth Power,Stone Edge,3,50000
Persian (Alolan),68.7,dark,none,123,113.2,131,1823635,33,Feint Attack,Foul Play,Play Rough,3,50000
Sneasel,68.7,dark,ice,135.5,110.7,110,1649923,26.5,Ice Shard,Avalanche,Foul Play,3,50000
Omanyte (Shadow),68.6,rock,water,129.2,131.7,102,1735737,44.5,Mud Shot,Rock Blast,Brine,5,75000
Slowking,68.6,water,psychic,113.4,120.9,143,1961133,22,Confusion,Psychic,Blizzard,3,50000
Braviary,68.5,normal,flying,134.3,94.1,132,1668093,18,Air Slash,Brave Bird,Close Combat,5,75000
Gabite,68.5,dragon,ground,128.8,101,133,1729456,30,Mud Shot,Flamethrower,Twister,5,75000
Parasect,68.5,bug,grass,124.2,118.3,122,1792012,30.5,Fury Cutter,X-Scissor,Cross Poison,3,50000
Slowbro,68.5,water,psychic,113.4,120.9,143,1961133,22,Confusion,Psychic,Ice Beam,3,50000
Chimecho,68.4,psychic,none,120.2,120.2,129,1864669,25,Extrasensory,Psyshock,Shadow Ball,5,75000
Exeggcute,68.4,grass,psychic,102.5,117.6,142,1712557,50,Bullet Seed,Seed Bomb,Psychic,3,50000
Kabutops,68.4,rock,water,135.5,121,100,1638836,20.5,Mud Shot,Stone Edge,Ancient Power,5,75000
Slowbro (Shadow),68.4,water,psychic,113.4,120.9,143,1961133,22,Confusion,Psychic,Ice Beam,3,50000
Aerodactyl (Shadow),68.3,rock,flying,135,103.9,118,1656037,20,Rock Throw,Rock Slide,Earth Power,5,75000
Simisear,68.3,fire,none,136.6,94.5,126,1627774,23.5,Fire Spin,Flamethrower,Crunch,3,50000
Tyranitar (Shadow),68.3,rock,dark,130.2,109.4,121,1723417,14.5,Smack Down,Crunch,Stone Edge,5,75000
Clamperl,68.2,water,none,124.4,126,105,1645929,50,Water Gun,Body Slam,Ice Beam,3,50000
Dugtrio (Shadow),68.2,ground,none,136.4,120.5,99,1627049,41.5,Mud Slap,Mud Bomb,Stone Edge,3,50000
Exeggcute (Shadow),68.2,grass,psychic,102.5,117.6,142,1712557,50,Bullet Seed,Seed Bomb,Psychic,3,50000
Exeggutor,68.1,grass,psychic,136.7,93.7,128,1639303,18.5,Bullet Seed,Seed Bomb,Psychic,3,50000
Exeggutor (Shadow),68.1,grass,psychic,136.7,93.7,128,1639303,18.5,Bullet Seed,Seed Bomb,Psychic,3,50000
Slowking (Shadow),68.1,water,psychic,113.4,120.9,143,1961133,22,Confusion,Psychic,Blizzard,3,50000
Basculin,68,water,none,134,96.5,129,1667480,27,Water Gun,Aqua Tail,Muddy Water,1,10000
Delphox,68,fire,psychic,132.6,115.6,109,1671331,18,Fire Spin,Flame Charge,Psychic,3,10000
Scyther,68,bug,flying,134.9,110.7,111,1657053,20.5,Fury Cutter,Night Slash,X-Scissor,5,75000
Wormadam (Plant),67.9,bug,grass,109.9,146.8,126,2032523,33.5,Bug Bite,Energy Ball,Bug Buzz,1,10000
Wormadam (Sandy),67.8,bug,ground,109.9,146.8,126,2032523,33.5,Bug Bite,Bug Buzz,Bulldoze,1,10000
Crobat,67.7,poison,flying,121.8,115.7,130,1832248,21,Air Slash,Sludge Bomb,Shadow Ball,1,10000
Metang,67.7,steel,psychic,108.9,145.5,129,2043486,35,Metal Claw,Psyshock,Gyro Ball,5,75000
Rhyperior,67.7,ground,rock,126.8,105.5,132,1766090,15,Mud Slap,Rock Wrecker,Surf,3,50000
Weezing (Shadow),67.7,poison,none,118.4,138.9,115,1889997,24.5,Infestation,Sludge Bomb,Shadow Ball,3,50000
Bulbasaur (Shadow),67.6,grass,poison,111.8,105.9,120,1419947,50,Vine Whip,Power Whip,Seed Bomb,3,10000
Espurr,67.5,psychic,none,113.4,108.4,145,1783036,50,Confusion,Psyshock,Energy Ball,3,50000
Garbodor,67.5,poison,none,121.7,114.6,132,1842015,23.5,Infestation,Body Slam,Seed Bomb,3,50000
Onix,67.5,rock,ground,84,207.6,105,1831281,50,Rock Throw,Rock Slide,Sand Tomb,5,75000
Sandslash,67.5,ground,none,120.5,121.1,126,1837863,23.5,Mud Shot,Earthquake,Bulldoze,3,50000
Donphan,67.4,ground,none,125.8,112,126,1776372,18.5,Counter,Earthquake,Heavy Slam,3,50000
Golem,67.4,rock,ground,125.2,121.7,117,1782513,19,Mud Shot,Stone Edge,Earthquake,1,10000
Armaldo (Shadow),67.3,rock,bug,133.3,110.9,113,1670643,19.5,Fury Cutter,Rock Blast,Cross Poison,3,50000
Rhydon,67.3,ground,rock,126.7,102.4,136,1765046,17,Mud Slap,Stone Edge,Surf,3,50000
Snover (Shadow),67.3,grass,ice,109.2,100.8,142,1564162,50,Powder Snow,Ice Beam,Energy Ball,3,50000
Cinccino,67.2,normal,none,135.5,95.9,127,1650504,24.5,Charm,Aqua Tail,Thunderbolt,3,50000
Frillish,67.2,water,ghost,109.2,125.2,135,1846427,50,Hex,Ice Beam,Ominous Wind,3,50000
Mr. Rime,67.2,ice,psychic,129,114.1,118,1737399,20,Confusion,Icy Wind,Psychic,5,75000
Dusknoir (Shadow),67.1,ghost,none,119.8,172.9,90,1864291,23.5,Hex,Dark Pulse,Ominous Wind,3,50000
Vanillish,67.1,ice,none,124.1,119.3,122,1805667,41,Frost Breath,Icy Wind,Signal Beam,3,50000
Sneasel (Shadow),67,dark,ice,135.5,110.7,110,1649923,26.5,Ice Shard,Avalanche,Foul Play,3,50000
Furret,66.9,normal,none,116.1,105.4,158,1933854,34.5,Quick Attack,Brick Break,Hyper Beam,1,10000
Maractus,66.8,grass,none,136.8,93.6,128,1638424,24,Bullet Seed,Aerial Ace,Petal Blizzard,1,10000
Darumaka (Galarian),66.6,ice,none,132,83.5,154,1697707,49,Ice Fang,Ice Punch,Ice Beam,3,50000
Metagross,66.6,steel,psychic,132.8,123.6,102,1674069,14.5,Bullet Punch,Meteor Mash,Psychic,5,75000
Misdreavus (Shadow),66.6,ghost,none,124.1,119,122,1801213,29.5,Hex,Dark Pulse,Ominous Wind,3,50000
Lampent,66.5,ghost,fire,133.3,97.1,130,1681422,36.5,Ember,Energy Ball,Flame Burst,5,75000
Yanmega,66.5,bug,flying,137.3,98.3,121,1632541,18.5,Wing Attack,Aerial Ace,Bug Buzz,3,50000
Teddiursa (Shadow),66.4,normal,none,130.2,90.8,142,1678466,50,Lick,Cross Chop,Crunch,3,50000
Fraxure,66.3,dragon,none,145.5,89.3,119,1545235,24.5,Dragon Tail,Dragon Claw,Night Slash,5,75000
Tyranitar,66.3,rock,dark,130.2,109.4,121,1723417,14.5,Smack Down,Crunch,Stone Edge,5,75000
Crobat (Shadow),66.2,poison,flying,121.8,115.7,130,1832248,21,Air Slash,Shadow Ball,Sludge Bomb,1,10000
Elekid,66.1,electric,none,126,97.5,120,1474345,50,Thunder Shock,Thunder Punch,Brick Break,5,10000
Boldore,66,rock,none,126.5,108.2,130,1779034,28,Smack Down,Rock Slide,Bulldoze,3,50000
Walrein (Shadow),66,ice,water,113.1,114.3,153,1978119,20.5,Waterfall,Blizzard,Earthquake,3,50000
Lilligant,65.9,grass,none,135,105.3,115,1635127,21.5,Charm,Petal Blizzard,Hyper Beam,1,10000
Metagross (Shadow),65.9,steel,psychic,132.8,123.6,102,1674069,14.5,Bullet Punch,Meteor Mash,Psychic,5,75000
Stoutland,65.9,normal,none,125.8,114.7,124,1788973,19,Lick,Wild Charge,Crunch,1,10000
Bulbasaur,65.8,grass,poison,111.8,105.9,120,1419947,50,Vine Whip,Power Whip,Seed Bomb,3,10000
Frogadier,65.8,water,none,135.4,99.2,123,1653012,39.5,Bubble,Surf,Aerial Ace,3,10000
Golett,65.8,ground,ghost,119.3,89.9,141,1512725,50,Mud Slap,Shadow Punch,Brick Break,5,75000
Rhyhorn,65.8,ground,rock,113.4,110.2,158,1974352,38.5,Mud Slap,Stomp,Horn Attack,3,50000
Sandshrew (Shadow),65.7,ground,none,118.5,113.4,127,1706968,50,Mud Shot,Rock Slide,Sand Tomb,3,50000
Blissey,65.4,normal,none,81.4,110.2,307,2754156,21,Pound,Psychic,Hyper Beam,5,75000
Unfezant,65.4,normal,flying,139.2,96.2,120,1606547,20,Air Slash,Sky Attack,Hyper Beam,1,10000
Archen,65.3,rock,flying,160.1,76,115,1399059,31,Wing Attack,Dragon Claw,Crunch,5,75000
Houndour,65.3,dark,fire,140.3,82.3,120,1386732,50,Ember,Crunch,Flamethrower,3,50000
Meowstic (Female),65.3,psychic,none,117.6,124.5,130,1902817,26.5,Confusion,Psychic,Shadow Ball,3,50000
Metang (Shadow),65.3,steel,psychic,108.9,145.5,129,2043486,35,Metal Claw,Psyshock,Gyro Ball,5,75000
Chespin,65.2,grass,none,105,101.7,136,1452456,50,Vine Whip,Body Slam,Seed Bomb,3,10000
Dusknoir,65.2,ghost,none,119.8,172.9,90,1864291,23.5,Hex,Dark Pulse,Ominous Wind,3,50000
Misdreavus,65.2,ghost,none,124.1,119,122,1801213,29.5,Hex,Dark Pulse,Ominous Wind,3,50000
Nidoking,65.2,poison,ground,130.1,104.1,127,1719018,21.5,Poison Jab,Earth Power,Megahorn,3,50000
Roggenrola,65.2,rock,none,114.3,105,135,1620509,50,Smack Down,Stone Edge,Rock Blast,3,50000
Archeops,65.1,rock,flying,160.6,81.4,106,1385816,16.5,Wing Attack,Dragon Claw,Crunch,5,75000
Houndour (Shadow),65,dark,fire,140.3,82.3,120,1386732,50,Ember,Crunch,Flamethrower,3,50000
Rayquaza,65,dragon,flying,146.5,92,113,1522152,14,Dragon Tail,Outrage,Aerial Ace,20,100000
Stunky (Shadow),65,poison,dark,114.3,88.2,147,1482226,50,Bite,Crunch,Sludge Bomb,3,50000
Whirlipede,65,bug,poison,96.6,158,113,1725055,50,Bug Bite,Sludge Bomb,Signal Beam,1,10000
Mismagius (Shadow),64.9,ghost,none,133.8,120.8,104,1680621,21.5,Hex,Shadow Ball,Dark Pulse,3,50000
Swoobat,64.8,psychic,flying,126.9,100.9,138,1767259,35.5,Confusion,Aerial Ace,Psychic,1,10000
Aerodactyl,64.7,rock,flying,135,103.9,118,1656037,20,Rock Throw,Rock Slide,Earth Power,5,75000
Dugtrio (Alolan),64.7,ground,steel,148.9,111.5,90,1494460,29,Mud Slap,Mud Bomb,Iron Head,3,50000
Meowstic (Male),64.6,psychic,none,117.6,124.5,130,1902817,26.5,Confusion,Psychic,Thunderbolt,3,50000
Miltank,64.6,normal,none,105.4,135.5,148,2112476,24,Tackle,Body Slam,Ice Beam,5,75000
Omanyte,64.5,rock,water,129.2,131.7,102,1735737,44.5,Mud Shot,Rock Blast,Brine,5,75000
Walrein,64.5,ice,water,113.1,114.3,153,1978119,20.5,Waterfall,Blizzard,Earthquake,3,50000
Hippopotas,64.4,ground,none,115.3,111.1,152,1946522,49,Bite,Body Slam,Dig,3,50000
Teddiursa,64.4,normal,none,130.2,90.8,142,1678466,50,Lick,Cross Chop,Crunch,3,50000
Porygon,64.3,normal,none,120.8,114.7,134,1856061,35.5,Quick Attack,Discharge,Hyper Beam,3,50000
Aipom (Shadow),64,normal,none,126.1,105.2,134,1778842,49,Scratch,Aerial Ace,Low Sweep,3,50000
Arbok,63.9,poison,none,123.7,120.1,121,1798747,29,Dragon Tail,Dark Pulse,Sludge Wave,3,50000
Grumpig,63.9,psychic,none,114.5,128.3,133,1953798,24,Extrasensory,Shadow Ball,Psychic,1,10000
Persian,63.9,normal,none,118.9,115.9,136,1874511,36,Feint Attack,Night Slash,Return,3,50000
Geodude,63.8,rock,ground,123.5,123.5,113,1724177,50,Rock Throw,Rock Slide,Dig,1,10000
Mr. Mime (Galarian),63.8,ice,psychic,131.2,127.7,102,1709143,27,Confusion,Ice Punch,Psychic,5,75000
Persian (Shadow),63.8,normal,none,118.9,115.9,136,1874511,36,Feint Attack,Night Slash,Play Rough,3,50000
Samurott,63.7,water,none,129,102.2,132,1740020,20,Fury Cutter,Megahorn,Hydro Pump,3,10000
Armaldo,63.6,rock,bug,133.3,110.9,113,1670643,19.5,Fury Cutter,Rock Blast,Cross Poison,3,50000
Shellos (East),63.6,water,none,99.2,100.8,166,1659740,50,Mud Slap,Body Slam,Mud Bomb,3,50000
Shellos (West),63.6,water,none,99.2,100.8,166,1659740,50,Mud Slap,Body Slam,Mud Bomb,3,50000
Camerupt,63.5,fire,ground,134.9,101.2,122,1665522,25.5,Ember,Overheat,Earth Power,3,50000
Liepard,63.5,dark,none,140.9,89.3,126,1585005,31,Snarl,Dark Pulse,Play Rough,1,10000
Seel,63.4,water,none,84,114.3,149,1430849,50,Water Gun,Aqua Tail,Icy Wind,3,50000
Yanma,63.4,bug,flying,131.6,87.4,148,1702917,48.5,Wing Attack,Aerial Ace,Silver Wind,3,50000
Lunatone,62.7,rock,psychic,119.8,108.8,143,1863825,23.5,Confusion,Rock Slide,Psychic,3,50000
Solrock,62.7,rock,psychic,119.8,108.8,143,1863825,23.5,Confusion,Rock Slide,Psychic,3,50000
Aron (Shadow),62.6,steel,rock,114.3,131.1,127,1902550,50,Metal Claw,Body Slam,Iron Head,1,10000
Mothim,62.5,bug,flying,140,83,137,1591422,31.5,Air Slash,Aerial Ace,Bug Buzz,1,10000
Sandshrew,62.4,ground,none,118.5,113.4,127,1706968,50,Mud Shot,Rock Slide,Sand Tomb,3,50000
Dodrio,62.3,normal,flying,144.4,99.1,108,1545284,23.5,Feint Attack,Brave Bird,Drill Peck,3,50000
Krokorok,62.3,ground,dark,133.6,87.4,142,1658012,50,Mud Slap,Crunch,Earthquake,5,75000
Stunky,62.3,poison,dark,114.3,88.2,147,1482226,50,Bite,Crunch,Sludge Bomb,3,50000
Darmanitan (Galarian),62.1,ice,none,151.3,71.4,137,1480445,18,Ice Fang,Avalanche,Superpower,3,50000
Exploud,62.1,normal,none,119.8,98.4,158,1863205,23.5,Bite,Crunch,Disarming Voice,1,10000
Mr. Mime,62.1,psychic,fairy,132.2,145.7,88,1695360,25.5,Confusion,Shadow Ball,Psychic,5,75000
Sandslash (Shadow),62.1,ground,none,120.5,121.1,126,1837863,23.5,Mud Shot,Earthquake,Bulldoze,3,50000
Floatzel,62,water,none,143.8,81.1,133,1551619,22.5,Waterfall,Hydro Pump,Aqua Jet,3,50000
Arbok (Shadow),61.8,poison,none,123.7,120.1,121,1798747,29,Dragon Tail,Dark Pulse,Sludge Wave,3,50000
Aron,61.8,steel,rock,114.3,131.1,127,1902550,50,Metal Claw,Body Slam,Iron Head,1,10000
Porygon-Z,61.8,normal,none,148.7,88.4,115,1512352,16.5,Lock On,Tri Attack,Zap Cannon,3,50000
Fearow,61.7,normal,flying,132.6,102.7,124,1689204,28.5,Peck,Sky Attack,Drill Run,1,10000
Sawsbuck,61.6,normal,grass,130.1,103.1,128,1717029,23,Feint Attack,Wild Charge,Megahorn,3,50000
Trapinch (Shadow),61.6,ground,none,148.7,78.1,120,1394782,50,Mud Shot,Crunch,Sand Tomb,5,75000
Xatu,61.5,psychic,flying,132.9,107.3,118,1681956,25.5,Air Slash,Aerial Ace,Future Sight,3,50000
Ambipom (Shadow),61.4,normal,none,133.9,99.9,124,1659351,23,Scratch,Aerial Ace,Low Sweep,3,50000
Aipom,61.3,normal,none,126.1,105.2,134,1778842,49,Scratch,Aerial Ace,Low Sweep,3,50000
Loudred,61.3,normal,none,125.2,80.7,178,1797820,50,Bite,Stomp,Disarming Voice,1,10000
Sawk,61.2,fighting,none,141,99.8,113,1589415,20,Poison Jab,Body Slam,Low Sweep,5,75000
Nidoking (Shadow),61.1,poison,ground,130.1,104.1,127,1719018,21.5,Poison Jab,Earth Power,Megahorn,3,50000
Noivern,61.1,flying,dragon,126.4,110.7,127,1776882,20.5,Air Slash,Hurricane,Psychic,5,75000
Porygon-Z (Shadow),61.1,normal,none,148.7,88.4,115,1512352,16.5,Lock On,Tri Attack,Zap Cannon,3,50000
Girafarig,61,normal,psychic,129.1,102.7,129,1711052,27,Confusion,Psychic,Thunderbolt,3,50000
Beheeyem,60.9,psychic,none,134.4,105.7,116,1648710,20,Confusion,Rock Slide,Psychic,3,50000
Flaaffy,60.8,electric,none,121.9,99.8,151,1835783,45.5,Charge Beam,Discharge,Return,5,75000
Clawitzer,60.6,water,none,134.4,110.5,111,1648951,20,Water Gun,Crabhammer,Ice Beam,3,50000
Goldeen,60.6,water,none,116,105,120,1461636,50,Mud Shot,Aqua Tail,Horn Attack,3,50000
Pidgeotto,60.4,normal,flying,110.9,100.8,147,1644149,50,Wing Attack,Aerial Ace,Twister,1,10000
Swanna,60.3,water,flying,129.3,99.7,134,1727466,26.5,Air Slash,Hurricane,Ice Beam,3,50000
Clauncher,60.1,water,none,103.4,110.9,127,1455967,50,Water Gun,Crabhammer,Aqua Jet,3,50000
Roselia,60.1,grass,poison,139.6,107.3,107,1602355,30.5,Poison Jab,Sludge Bomb,Petal Blizzard,3,50000
Cubone (Shadow),59.9,ground,none,88.2,133.6,127,1497128,50,Mud Slap,Bone Club,Bulldoze,3,50000
Elgyem,59.9,psychic,none,134,94.7,132,1675163,49.5,Confusion,Psychic,Dark Pulse,3,50000
Klefki,59.9,steel,fairy,119,134.2,118,1884790,29.5,Astonish,Foul Play,Play Rough,3,50000
Pupitar (Shadow),59.9,rock,ground,121.1,112.7,136,1856138,35,Bite,Crunch,Ancient Power,5,75000
Absol,59.8,dark,none,157.9,82.7,109,1423430,22,Snarl,Dark Pulse,Megahorn,5,75000
Volbeat,59.8,bug,none,111.1,136.8,132,2005636,34,Struggle Bug,Thunderbolt,Signal Beam,3,50000
Jynx,59.6,ice,psychic,142.2,101.5,109,1573630,22,Confusion,Avalanche,Ice Punch,5,75000
Sigilyph,59.6,psychic,flying,131.6,114,114,1710530,22,Air Slash,Signal Beam,Ancient Power,5,75000
Drilbur,59.4,ground,none,139.5,81.9,141,1610077,49,Mud Slap,Drill Run,Rock Tomb,3,50000
Koffing,59.3,poison,none,112.6,131.1,113,1667925,50,Infestation,Dark Pulse,Sludge Bomb,3,50000
Musharna,59.3,psychic,none,113.7,108.9,159,1968272,20.5,Charge Beam,Psyshock,Dazzling Gleam,3,50000
Raticate,59.3,normal,none,125.9,115.3,122,1771626,34.5,Quick Attack,Hyper Fang,Return,1,10000
Illumise,59.2,bug,none,111.1,136.8,132,2005636,34,Struggle Bug,Bug Buzz,Silver Wind,3,50000
Watchog,59.2,normal,none,126.4,113.2,124,1773125,30.5,Bite,Crunch,Hyper Fang,1,10000
Cacturne,59,grass,dark,148.9,83.5,121,1505536,23.5,Sucker Punch,Grass Knot,Payback,3,50000
Cubone,59,ground,none,88.2,133.6,127,1497128,50,Mud Slap,Bone Club,Return,3,50000
Thundurus (Therian),59,electric,flying,155.7,89.5,103,1435795,15,Volt Switch,Thunderbolt,Focus Blast,20,100000
Flaaffy (Shadow),58.9,electric,none,121.9,99.8,151,1835783,45.5,Charge Beam,Discharge,Power Gem,5,75000
Ambipom,58.8,normal,none,133.9,99.9,124,1659351,23,Scratch,Aerial Ace,Low Sweep,3,50000
Drowzee,58.7,psychic,none,87.4,126.9,142,1574590,50,Confusion,Psyshock,Return,3,50000
Drowzee (Shadow),58.6,psychic,none,87.4,126.9,142,1574590,50,Confusion,Psyshock,Psychic,3,50000
Totodile,58.3,water,none,110.9,104.2,127,1467804,50,Water Gun,Crunch,Aqua Jet,3,10000
Beautifly,58.2,bug,flying,146.4,81.9,128,1535506,34.5,Infestation,Bug Buzz,Silver Wind,1,10000
Octillery,58.2,water,none,132.9,103.2,123,1686230,24.5,Water Gun,Octazooka,Aurora Beam,1,10000
Mesprit,58.1,psychic,none,124.1,125.8,116,1811528,18,Confusion,Future Sight,Blizzard,20,100000
Runerigus,58.1,ground,ghost,112.2,168.3,106,2002086,25,Astonish,Shadow Ball,Sand Tomb,3,50000
Absol (Shadow),57.9,dark,none,157.9,82.7,109,1423430,22,Snarl,Dark Pulse,Megahorn,5,75000
Throh,57.6,fighting,none,110.3,107.8,170,2020070,21.5,Low Kick,Body Slam,Low Sweep,5,75000
Buneary,57.3,normal,none,121.8,100.8,135,1658639,50,Quick Attack,Fire Punch,Swift,3,50000
Pineco (Shadow),57.3,bug,none,103.4,115.1,127,1511117,50,Bug Bite,Sand Tomb,Rock Tomb,5,75000
Chatot,57.2,normal,flying,140.4,78.4,145,1596254,32.5,Peck,Sky Attack,Night Shade,5,75000
Eevee,57.2,normal,none,100,108.4,135,1463320,50,Quick Attack,Body Slam,Last Resort,5,75000
Starmie,57.2,water,psychic,132.2,121.8,104,1675198,21,Water Gun,Psychic,Ice Beam,3,50000
Trapinch,57,ground,none,148.7,78.1,120,1394782,50,Mud Shot,Crunch,Sand Tomb,5,75000
Herdier,56.9,normal,none,119.7,110.9,141,1871188,41.5,Lick,Thunderbolt,Play Rough,1,10000
Pupitar,56.8,rock,ground,121.1,112.7,136,1856138,35,Bite,Crunch,Ancient Power,5,75000
Koffing (Shadow),56.6,poison,none,112.6,131.1,113,1667925,50,Infestation,Dark Pulse,Sludge Bomb,3,50000
Skorupi,56.5,poison,bug,90.8,139.5,113,1430471,50,Infestation,Aqua Tail,Cross Poison,5,75000
Snubbull,56.5,fairy,none,127.7,84,142,1524055,50,Bite,Crunch,Brick Break,3,50000
Flareon,56.4,fire,none,141.7,110,100,1557872,18,Fire Spin,Flamethrower,Overheat,5,75000
Cofagrigus,56.1,ghost,none,112.2,168.3,106,2002086,25,Astonish,Shadow Ball,Dark Pulse,3,50000
Phanpy,55.9,ground,none,102.5,95,186,1810589,50,Rock Smash,Body Slam,Rock Slide,3,50000
Tentacool,55.9,water,poison,94.1,137.8,113,1465578,50,Bubble,Wrap,Bubble Beam,3,50000
Nosepass,55.8,rock,none,81.5,193.3,98,1543812,50,Spark,Rock Slide,Rock Blast,3,50000
Nosepass (Shadow),55.7,rock,none,81.5,193.3,98,1543812,50,Spark,Rock Slide,Rock Blast,3,50000
Gorebyss,55.6,water,none,136.9,118.5,101,1638002,22.5,Water Gun,Psychic,Water Pulse,3,50000
Cherrim (Overcast),55.5,grass,none,122.9,115.2,129,1826290,27,Bullet Seed,Solar Beam,Dazzling Gleam,1,10000
Audino,55.1,normal,none,92.6,138.1,189,2416540,39,Pound,Disarming Voice,Hyper Beam,3,50000
Axew,55.1,dragon,none,139.5,95.2,121,1607281,49,Scratch,Dragon Claw,Aqua Tail,5,75000
Butterfree,55.1,bug,flying,126.7,111.9,124,1757032,31.5,Confusion,Psychic,Signal Beam,1,10000
Pineco,54.7,bug,none,103.4,115.1,127,1511117,50,Bug Bite,Return,Sand Tomb,5,75000
Piplup,54.5,water,none,106.7,98.3,131,1374452,50,Bubble,Drill Peck,Icy Wind,3,10000
Salamence,54.2,dragon,flying,142.9,92.6,117,1548425,14.5,Dragon Tail,Outrage,Fire Blast,5,75000
Seadra,54.2,water,none,132.6,114.5,111,1685540,27,Dragon Breath,Hydro Pump,Blizzard,3,50000
Vanilluxe,54.1,ice,none,131.5,116.8,110,1690058,19.5,Frost Breath,Blizzard,Signal Beam,3,50000
Raticate (Shadow),54,normal,none,125.9,115.3,122,1771626,34.5,Quick Attack,Hyper Fang,Dig,1,10000
Kabuto,53.6,rock,water,133.6,128.6,97,1667621,49,Mud Shot,Ancient Power,Aqua Jet,5,75000
Azelf,53.4,psychic,none,152.6,91.4,105,1464716,17,Confusion,Future Sight,Fire Blast,20,100000
Krabby,53.4,water,none,148.1,110.4,92,1504334,42,Bubble,Vise Grip,Bubble Beam,3,50000
Espeon,53.3,psychic,none,147.6,104.1,98,1505910,17,Confusion,Psychic,Last Resort,5,75000
Weezing (Galarian),53,poison,fairy,118.4,138.9,115,1889997,24.5,Tackle,Sludge,Overheat,3,50000
Deoxys (Speed),52.7,psychic,none,140.8,131.6,86,1592886,18.5,Charge Beam,Psycho Boost,Thunderbolt,20,100000
Corphish,51.4,water,none,131.1,95.8,117,1469211,50,Bubble,Aqua Jet,Vise Grip,3,50000
Hitmonlee (Shadow),51.3,fighting,none,142.5,121.4,91,1573887,21.5,Rock Smash,Close Combat,Stone Edge,5,75000
Salamence (Shadow),51.3,dragon,flying,142.9,92.6,117,1548425,14.5,Dragon Tail,Outrage,Fire Blast,5,75000
Timburr,51.2,fighting,none,125.2,85.7,164,1759945,50,Low Kick,Brick Break,Rock Tomb,5,75000
Accelgor,50.6,bug,none,143.2,84.3,129,1556853,22.5,Infestation,Bug Buzz,Acid Spray,3,50000
Anorith (Shadow),50.4,rock,bug,147,92.1,113,1529912,43.5,Struggle Bug,Ancient Power,Cross Poison,3,50000
Ferroseed,50.3,grass,steel,81.5,142.9,119,1385595,50,Metal Claw,Iron Head,Flash Cannon,3,75000
Porygon (Shadow),50.1,normal,none,120.8,114.7,134,1856061,35.5,Charge Beam,Discharge,Signal Beam,3,50000
Tauros,50,normal,none,125.1,118.9,120,1785591,21.5,Tackle,Horn Attack,Earthquake,3,50000
Hitmonlee,49.1,fighting,none,142.5,121.4,91,1573887,21.5,Rock Smash,Close Combat,Stone Edge,5,75000
Ponyta (Galarian),49.1,psychic,none,134.8,109.4,113,1666179,36.5,Psycho Cut,Play Rough,Psybeam,3,50000
Munna,48.6,psychic,none,105.9,89.9,166,1580270,50,Charge Beam,Psyshock,Dazzling Gleam,3,50000
Anorith,48.4,rock,bug,147,92.1,113,1529912,43.5,Struggle Bug,Ancient Power,Cross Poison,3,50000
Stantler (Shadow),48.3,normal,none,133.5,99.5,126,1672954,26,Tackle,Wild Charge,Stomp,3,50000
Stantler,47.8,normal,none,133.5,99.5,126,1672954,26,Tackle,Wild Charge,Stomp,3,50000
Deerling,46.8,normal,grass,109.2,96.6,142,1498988,50,Tackle,Wild Charge,Seed Bomb,3,50000
Reuniclus,46.5,psychic,none,127.6,93.7,147,1756073,18.5,Hidden Power (Fighting),Shadow Ball,Future Sight,3,50000
Lopunny,45.9,normal,none,112.1,146.4,121,1985734,27.5,Low Kick,Fire Punch,Hyper Beam,3,50000
Duosion,45.8,psychic,none,149.2,82.7,121,1492507,27.5,Hidden Power (Psychic),Psyshock,Thunder,3,50000
Solosis,45.3,psychic,none,152.9,79.8,120,1465025,50,Hidden Power (Psychic),Psyshock,Thunder,3,50000
Clefairy,43.9,fairy,none,102.5,103.4,157,1663540,50,Zen Headbutt,Body Slam,Disarming Voice,1,10000
Swirlix,43.5,fairy,none,104.2,112.6,145,1701231,50,Tackle,Energy Ball,Draining Kiss,3,50000
Spoink,42.9,psychic,none,117.6,115.1,140,1896031,50,Zen Headbutt,Shadow Ball,Mirror Coat,1,10000
Unown,39.9,psychic,none,126.9,89.1,125,1412738,50,Hidden Power (Psychic),Struggle,,5,75000
Slaking,28.8,normal,none,139.3,83.6,138,1607595,12.5,Yawn,Body Slam,Earthquake,5,75000
